file_id,path,rom_offset,size,member_count,member_bytes,sections,member_kinds,sha1,sha256
238,skb.narc,3101184,60336,6,60236,BTAF;BTNF;GMIF,"{""NCGR"": 4, ""NCLR"": 1, ""NSCR"": 1}",9c190c4cb10dff825fd44ea33dbaa2064885a826,9edfd9ad14244866ecbc78fab5dd0b2d2c4eb38ce12c57c5e76a305200e31eea
239,soundstatus.narc,3161600,12164,4,12080,BTAF;BTNF;GMIF,"{""NCGR"": 1, ""NCLR"": 1, ""NSCR"": 2}",b6341c6f3a0039ce42fca10d357ea0724447a0e4,ac74994b434f6772232248715aae78de15d941b1959302889a51acefe985db22
240,titledemo.narc,3173888,227088,20,226876,BTAF;BTNF;GMIF,"{""BMD0"": 2, ""BTA0"": 2, ""NCGR"": 5, ""NCLR"": 7, ""NSCR"": 4}",858be1c0fcb6e7f73b6054b3be5da6cbf83a7e6f,03b01626cb7e063b0eb95a585110842c8e15d1dbe993883e30b534b57f7b5b86
242,a/0/0/0,54934528,2924,5,2832,BTAF;BTNF;GMIF,"{""NCGR"": 3, ""NCLR"": 2}",d6e38ac51a5a498b703543231a53b7ba494d4101,46e57359b6018539499bb3f132e3b38ccafda4e066d621d0adad6f04658214e7
243,a/0/0/1,54937600,54228,8,54112,BTAF;BTNF;GMIF,"{""NCGR"": 2, ""NCLR"": 2, ""NSCR"": 4}",ab0260cf1d84eabd3bff7fefb66f1e44d42d2cd5,7fc618356ad0214006b8ea369801ed1e6933f793afefdde7d7dc6c7794a97d62
244,a/0/0/2,54991872,3054740,288,3052384,BTAF;BTNF;GMIF,"{""unknown"": 288}",2c1eb5a7733ea6e6ae92a13fe5ed29b9bb83a4d3,45718b9eb366db135f527caab05f188adda787b6f5e11c983e126705d59e4400
245,a/0/0/3,58046976,1603248,472,1599420,BTAF;BTNF;GMIF,"{""unknown"": 472}",d1856c43b55f23d8612959fa82e98f8e86329ca4,d8975dec2aa179a4783f4d960e87c36ddc776c833434c487a4b18081f2a9e868
246,a/0/0/4,59650560,7889304,14285,7764679,BTAF;BTNF;GMIF,"{""LZ10"": 61, ""LZ11"": 4697, ""NCER"": 1426, ""NCLR"": 1457, ""unknown"": 6644}",e7b361a7208464d58462378912601b5c25967827,0ef9595f7924f533985515f159c35bdb8fd8015ef50bef2a2f0e08219ed3487e
247,a/0/0/5,67539968,39236,13,39080,BTAF;BTNF;GMIF,"{""NCGR"": 8, ""NCLR"": 5}",d2f7e55c9d436158c015464f33a30aa902fb9329,9d92c20aa9e82baeca7d5a3bd3523ab291d9a82e8d724ab820c533d51fe78e28
248,a/0/0/6,67579392,9042232,733,9036316,BTAF;BTNF;GMIF,"{""unknown"": 733}",8ac7323a88bf41ac582060ca278c419d9343c246,10cd758c77cbc275daf58e728e5e201907427f2491d2d3459c9988682d649e68
249,a/0/0/7,76621824,779916,1431,768402,BTAF;BTNF;GMIF,"{""NANR"": 3, ""NCER"": 3, ""NCGR"": 715, ""NCLR"": 1, ""unknown"": 709}",41a5727a111742fe775944b3c0cdb5a41109385a,e6ecfb6e846488e5894d457192de3ebc9c1fafdfad370b9cf9e9b0fecca3155b
250,a/0/0/8,77402112,18199420,649,18194176,BTAF;BTNF;GMIF,"{""unknown"": 649}",b9ec0c88bc4013a087689057cbbb3e6b3a6584c3,d22c10de09b4e229a5482ffd23c5336d1f0820d2765cf9f5b687daafbc658da3
251,a/0/0/9,95601664,18620,255,16528,BTAF;BTNF;GMIF,"{""unknown"": 255}",9774406fa864bc21d6e796e7bf01fb0b7a04b86d,700c81ed2dc5c545846066673453961645e357f097da7f279e3455c26f03608c
252,a/0/1/0,95620608,812,1,752,BTAF;BTNF;GMIF,"{""unknown"": 1}",036ba1548046e9584943c2abf880c86fb3eb9b31,914129267a38c03821b1b2a5b423fbd5be57e9029d56c272378dfc118decc12d
253,a/0/1/1,95621632,2823204,222,2821348,BTAF;BTNF;GMIF,"{""BCA0"": 26, ""BMD0"": 61, ""BTA0"": 1, ""NANR"": 13, ""NCER"": 13, ""NCGR"": 20, ""NCLR"": 29, ""NSCR"": 59}",b8b47055a0be6b9d7691b197c2e26a905a399152,a54f948d5e7445446ad4d3f51cce087c189922d5ad72d6d2fc9a631209b0a4c9
254,a/0/1/2,98445312,20556,1,20496,BTAF;BTNF;GMIF,"{""unknown"": 1}",1dca4aea9756af13d1b512e40fbeb566f7e51533,e7dc15c74ef5840e32171dd2b07a0285b6036bb2b6cfad6c0fa97b3cd27a7270
256,a/0/1/4,98469376,11946732,282,11944424,BTAF;BTNF;GMIF,"{""BTX0"": 282}",cc774bb080ec36704b85221a879abdceef29f03a,b35ba3313b769ff36d6d853bf32a3323784648bf63beae20087bb90fede239bb
257,a/0/1/5,110416384,172,5,80,BTAF;BTNF;GMIF,"{""unknown"": 5}",60748d706ec6b29e9ba897d11562017f98625744,e63e32dae0e7c8881d40bcc3b81828363e0f6595d53f438e4c676e6a8b7f70d1
258,a/0/1/6,110416896,46780,669,41376,BTAF;BTNF;GMIF,"{""unknown"": 669}",0cc77c1d0d649c1c3daa7ad4d1aeeab2c63ce94b,56a3f3b72ad113d2728c086219b6affbb5497e04b6667e1cdef4adadd3c3ce06
259,a/0/1/7,110464000,3348,8,3232,BTAF;BTNF;GMIF,"{""unknown"": 8}",fbbf1287b2ac10c5212be0e4a69461507e860005,ce5c612e32e537da3cdf7808c3f21ab217e83a75ead56027d98a7d84bb1b55d6
260,a/0/1/8,110467584,46904,668,41508,BTAF;BTNF;GMIF,"{""LZ10"": 7, ""LZ11"": 2, ""unknown"": 659}",f1d190627b1e64e35fe82cee9633b33db0ee9b08,988f77b54a0d200ddd9547123e87902f128bb389ab3d9c85af78f74356fd0311
261,a/0/1/9,110514688,34788,668,28056,BTAF;BTNF;GMIF,"{""LZ10"": 1, ""unknown"": 667}",5e20bbfe6d178b1372844dea6f5016d2b7e87b14,270316da9dd317f3e3e7682ae5aee6350cbc96226a52d47ac2e2852854b0d99d
262,a/0/2/0,110549504,7852,650,1300,BTAF;BTNF;GMIF,"{""LZ10"": 3, ""LZ11"": 5, ""unknown"": 642}",135c29bfe32d251397f3911cdefad480ba19ac17,414deaf6d5cb9e0a22143ddc4ce219c5a6210818e31affc10332a0443b74d98c
263,a/0/2/1,110557696,24692,560,20160,BTAF;BTNF;GMIF,"{""LZ10"": 29, ""unknown"": 531}",8247cba4a422c66caa1f71d54775db09f742c5fd,2b2609fed2f358edb6731abbe27ae88e081064696d33791f42f394b808c93731
264,a/0/2/2,110582784,3800,3,3724,BTAF;BTNF;GMIF,"{""NCGR"": 1, ""NCLR"": 1, ""NSCR"": 1}",04ad96cfdcfd0ad46c38dc970c74a235d3ef4175,0d2c1ef32fc66d783056df7d01cd14e67511a0afec27ff2cdf86a2e7ea373a03
265,a/0/2/3,110586880,650120,8,649998,BTAF;BTNF;GMIF,"{""NCLR"": 3, ""unknown"": 5}",2f9c1a8b951abc04d7544718ad8fc62a9bbdbd66,c5f59cbf1055623ba94dd6b166b38cd8ab436ed71f3d303b22caf6c6bd1a497c
266,a/0/2/4,111237120,27640,627,22572,BTAF;BTNF;GMIF,"{""unknown"": 627}",a6492550716ab4ed71f87224cb10eb8f7fe9fc9c,7a26e51b71a3a121c37f01e7b66e4dfac1d5d3e2d4030c0db023cc9c9ee1cdfa
267,a/0/2/5,111264768,565576,1005,557482,BTAF;BTNF;GMIF,"{""NANR"": 1, ""NCER"": 1, ""NCGR"": 451, ""NCLR"": 552}",bb8f55bdecbe309aacdb5b39863c981b635db6e0,105b42baed147f183e25073a9c3bd9e35108378a1e9ffcb7a11c975b4d8dca24
268,a/0/2/6,111830528,22228,15,22040,BTAF;BTNF;GMIF,"{""LZ10"": 9, ""NANR"": 1, ""NCER"": 1, ""NCLR"": 4}",7c9bb86d8c84185afaef35238d6977cd308b869b,1c8d090df09353e5f8068d78518a90476595f61f656ee5d3ccd053806e7aec69
269,a/0/2/7,111853056,85968,17,85778,BTAF;BTNF;GMIF,"{""NANR"": 2, ""NCER"": 2, ""NCGR"": 7, ""NCLR"": 3, ""NSCR"": 3}",fec01e3d62fa005640632305a61d207d52430714,13bdbe20c5c7a6b904ebfbbe06dd685c231d927ae0f63a5288adfa15445bc2c0
270,a/0/2/8,111939072,68224,17,68032,BTAF;BTNF;GMIF,"{""NANR"": 2, ""NCER"": 2, ""NCGR"": 4, ""NCLR"": 5, ""NSCR"": 4}",c383016a62d1bb895aee770d1b6c008da3b5a8e6,3ced39523ed426258609ab49e2e869a59bb5160fc0d4bcc819e0790eca76761d
271,a/0/2/9,112007680,79564,18,79362,BTAF;BTNF;GMIF,"{""NANR"": 2, ""NCER"": 2, ""NCGR"": 3, ""NCLR"": 4, ""NSCR"": 7}",1801eb6c69bf10d9926000a0871eb20639e72f76,b03504a401191d86fa71e9ac27997da8afe358928fa6955be7f97d0059ec1e34
272,a/0/3/0,112087552,109492,35,109158,BTAF;BTNF;GMIF,"{""NANR"": 1, ""NCER"": 1, ""NCGR"": 14, ""NCLR"": 6, ""NSCR"": 3, ""unknown"": 10}",044aab0bc7d7e2874847f281b06b3ae460196e07,6fd3a40ae23ba46a4e4ac9005f2d0681b38f5da31b5aba8d0eb1bcbb1a8428bf
273,a/0/3/1,112197120,51012,24,50762,BTAF;BTNF;GMIF,"{""NANR"": 7, ""NCER"": 7, ""NCGR"": 7, ""NCLR"": 3}",eb57506d0b8222da13f61aaede3b3f910677c1ac,643e26ea0f8456af69960c77dafe227642d56cfd6e466ae3ae9fc4aa1d95f632
274,a/0/3/2,112248320,60324,97,59384,BTAF;BTNF;GMIF,"{""NANR"": 32, ""NCER"": 32, ""NCGR"": 32, ""NCLR"": 1}",98127e425f5bd699d5fe44bbc15a7ad0da2c6794,b7d28d9502a31c315506a0b44b32219c7e80c49a130f5855f78a74801b4a53c7
275,a/0/3/3,112308736,97944,33,97626,BTAF;BTNF;GMIF,"{""NANR"": 2, ""NCER"": 2, ""NCGR"": 8, ""NCLR"": 11, ""NSCR"": 10}",5885aa314cced8011be09e140fd6d01c3ad4a3e8,7ca51465b54bd3dded7f37506bb81ee032e7f9f60a91cf80ce50cc2482ba61ac
276,a/0/3/4,112407040,192004,39,191630,BTAF;BTNF;GMIF,"{""NANR"": 3, ""NCER"": 3, ""NCGR"": 8, ""NCLR"": 9, ""NSCR"": 15, ""unknown"": 1}",464530452c3bd7a928b1435bfc5a585565ae07d1,a5f05017896dfd0926c5ddcc4c82eab8ec3266b7b13ba37f726c9fa0a6820003
277,a/0/3/5,112599552,7780,16,7580,BTAF;BTNF;GMIF,"{""LZ10"": 8, ""NANR"": 2, ""NCER"": 2, ""NCLR"": 4}",7c2b6ebc32631af99299987e7b6c26d79fa625a7,4d0d2503e30d7284d498978f196ed97c51a52d91780579a5a01e3a6a450e5b42
278,a/0/3/6,112607744,28172,14,28004,BTAF;BTNF;GMIF,"{""LZ11"": 7, ""NANR"": 2, ""NCER"": 2, ""NCGR"": 1, ""NCLR"": 2}",4337725aff6061ac4dfd73953e28803492f85cbb,e224fbfe407d0c4983688e6d2e64d9c071e70466b3ba6987790892f8b8823f7d
279,a/0/3/7,112636416,5436,1,5376,BTAF;BTNF;GMIF,"{""unknown"": 1}",ce89ee943e727779f6c692898932c9bedf71e839,27bb0bcd57bbf54bbbfb5ee34fcc90ddf0da8ee3c22e2bff269306e85084b9f2
280,a/0/3/8,112642048,636,1,576,BTAF;BTNF;GMIF,"{""unknown"": 1}",e8bff879735679592cb31c8d66d446be254a633f,1f6c1d645b260a7e054a2e4e4874017a8925609d7a9979bf277ce453c42b8ad5
281,a/0/3/9,112643072,16468,18,16270,BTAF;BTNF;GMIF,"{""LZ11"": 13, ""NANR"": 1, ""NCER"": 1, ""NCLR"": 3}",e3bace45f01745eb831d6412d8b0497d75575306,e9bf3e2986b7e9597e4afc18e499c2d603914c85706e8925cc39f2f5513bd243
282,a/0/4/0,112659968,195596,53,195112,BTAF;BTNF;GMIF,"{""BCA0"": 2, ""BMD0"": 2, ""NANR"": 2, ""NCER"": 2, ""NCGR"": 8, ""NCLR"": 25, ""NSCR"": 12}",82ee8a01808b9ce2a935a4840bd9d0e102e38ba4,a702180fcc83e8cfb315cb3c5e6e8424f62bf448a22bc48404046dcdf8aadd82
283,a/0/4/1,112856064,114144,33,113828,BTAF;BTNF;GMIF,"{""NCGR"": 16, ""NCLR"": 16, ""NSCR"": 1}",d3ccb026012015adb8b8041202cf217d7a34312f,761c7381ecc1408f5c64b00d8cbae25fd7afc0e899fa2da373310c805d53a663
284,a/0/4/2,112970240,1500,1,1440,BTAF;BTNF;GMIF,"{""unknown"": 1}",bca9d3e0daf8bf8d184c93f74a42e1ef4364a301,f88d7acabf6486b7ce89700831fc31a22970383eec848a1054bb6012535f5b6d
285,a/0/4/3,112971776,175336,47,174902,BTAF;BTNF;GMIF,"{""NANR"": 6, ""NCER"": 6, ""NCGR"": 14, ""NCLR"": 10, ""NSCR"": 11}",a00d26a12dce2a7d955efc174101ea45fd4c8fc4,fc7021e4a515ef2002ee0e5367e0875dd965fd6dd654e8f8750ddee6132fc7d2
286,a/0/4/4,113147392,55112,12,54964,BTAF;BTNF;GMIF,"{""NANR"": 1, ""NCER"": 1, ""NCGR"": 3, ""NCLR"": 4, ""NSCR"": 3}",8481a9238ab0c18e7c8ae1a9cd85f993c31d2da9,b171810e468a5ef2e0f5982d28dd9dab19f561365e16aac4278effac125bd9dd
287,a/0/4/5,113202688,91248,102,90380,BTAF;BTNF;GMIF,"{""BTX0"": 101, ""unknown"": 1}",0c9763e6a33e17ecf81584821ba23ad11f8b9242,be46a33f88947907148907f36daa556f4c6bfebc473d96d96ed696c4edc667ff
288,a/0/4/6,113294336,92312,27,92032,BTAF;BTNF;GMIF,"{""BTX0"": 1, ""NANR"": 4, ""NCER"": 4, ""NCGR"": 7, ""NCLR"": 5, ""NSCR"": 6}",38380aa9c1a1fd45435bedcf31afcabf7a94d850,dd9f019e8df20d051da77f12179d74298df350d87b7b054eaa92471f84dfa016
289,a/0/4/7,113387008,624420,80,623720,BTAF;BTNF;GMIF,"{""BCA0"": 5, ""BMD0"": 6, ""BTA0"": 5, ""BTP0"": 5, ""BTX0"": 6, ""NANR"": 3, ""NCER"": 3, ""NCGR"": 8, ""NCLR"": 6, ""NSCR"": 4, ""unknown"": 29}",64390d2b183b40e69675f60d70f1d8f02af534ae,46e2da058fbc5cf391d6a8ccda401f087a8dfbe3ab9a7b677df37005f5d38a3a
290,a/0/4/8,114011648,22436,1,22376,BTAF;BTNF;GMIF,"{""unknown"": 1}",b803227295ef25f2efec28a211bb96295d7d7369,9d7a72a1d11d634f29fe12c90545c4ae793ce3916b4f516be1abc3f7f5d9b94a
291,a/0/4/9,114034176,3645668,764,3639504,BTAF;BTNF;GMIF,"{""BMD0"": 6, ""BTX0"": 758}",81d0a5c3df825110acb85f9f7a40c01870967a24,d0244dcad17ef248acf8ad43b7cd7961ca474ae1366acff967fbe2c3f29ee295
292,a/0/5/0,117680128,4780,2,4712,BTAF;BTNF;GMIF,"{""NCGR"": 1, ""NCLR"": 1}",3fade45d6318f195bd9e4bb3126ae72e11a64c5c,7e7d18eb82b4511142685e5ef344a16ff0d721cfaca2c68619e2bd47196e6fd8
293,a/0/5/1,117685248,1672,9,1542,BTAF;BTNF;GMIF,"{""NANR"": 3, ""NCER"": 3, ""NCGR"": 3}",219cea3484278509aefe956e35031fb45ef95120,b834ef6d670f891206b96767400bcc15e3dbb414c28c319fcebbbea36772ee62
294,a/0/5/2,117687296,8914092,14285,8789415,BTAF;BTNF;GMIF,"{""LZ10"": 98, ""LZ11"": 4723, ""NCER"": 1426, ""NCLR"": 1457, ""unknown"": 6581}",9d563f98843dd6bd232f04536603819a76e058fc,73b0c894e1ee9d99dd81de057c7f9a978746ecd8a5561646c2b15c3d9cb2d1ff
295,a/0/5/3,126601728,3296,19,3090,BTAF;BTNF;GMIF,"{""unknown"": 19}",2b51f3c872d124aa864f0afec4eba30c8083de5f,f5ae9a73a501d5efc578a8ed87db46d58440c8249a1880f1765325817cf0d5c9
296,a/0/5/4,126605312,10928,11,10780,BTAF;BTNF;GMIF,"{""NANR"": 2, ""NCER"": 2, ""NCGR"": 3, ""NCLR"": 2, ""NSCR"": 2}",14d551d983f10f6481a6db3f39b3852b225b5a2d,eb3f3cd2b8455711d42ab6d54a3c95d6c7f139efc841c7d3468a2f11368aea15
297,a/0/5/5,126616576,8960,29,8674,BTAF;BTNF;GMIF,"{""NANR"": 1, ""NCER"": 1, ""NCGR"": 26, ""NCLR"": 1}",57378b9e300268cfe92ebfc8870f63ef402f160e,fe784f8dbe54936df20ecbe7eed248af55d7986fac02e911fa5bf18244c41854
298,a/0/5/6,126625792,72308,44,71880,BTAF;BTNF;GMIF,"{""BTX0"": 5, ""NANR"": 9, ""NCER"": 9, ""NCGR"": 11, ""NCLR"": 8, ""NSCR"": 2}",99881c977fb4403f47628e5b4ab2b15e0bb2e87b,7783c7a83952e1f4e73ff66c05761d6abec4762616db6195c7f327e7f20f24cb
299,a/0/5/7,126698496,447336,899,440092,BTAF;BTNF;GMIF,"{""LZ10"": 5, ""unknown"": 894}",dac45c1d751706e66237ee4fbd569b6bbf817802,d082c6780b07ed0fad747a618770d088760008d7e32905833a6267b77c18eb64
300,a/0/5/8,127145984,8876,17,8688,BTAF;BTNF;GMIF,"{""LZ10"": 1, ""LZ11"": 1, ""unknown"": 15}",45c5b7612f9497b3569e97708f7d4c389ef750d2,7992242ff3526d22be7a750eba5fd9c4983645a8d8dcc151f15edf8a58ff98b4
301,a/0/5/9,127155200,89292,18,89086,BTAF;BTNF;GMIF,"{""NANR"": 3, ""NCER"": 3, ""NCGR"": 5, ""NCLR"": 5, ""NSCR"": 2}",c460977094310ac42cc4b9323763580f87c2b0db,f3bff527c2e2551f145652129c8bae1bba82ca01f2d985a18b08c6f60f35d0aa
302,a/0/6/0,127244800,1732,1,1672,BTAF;BTNF;GMIF,"{""unknown"": 1}",435486c67fdccb5990070279fe62e99643ad88cb,0bd07b686f37eaa989cee4d9e6c840da490ce93628dc3e890c001056bbc5835c
303,a/0/6/1,127246848,44180,56,43680,BTAF;BTNF;GMIF,"{""unknown"": 56}",e2ce0be2dd39cf1f1fae8f335988e54ba069026c,5d8dfb6f6517a1ff4b911e2cc4a4f31669211caa1ce64b49214f93102ae8285e
304,a/0/6/2,127291392,7932,10,7800,BTAF;BTNF;GMIF,"{""unknown"": 10}",91b87447d8f8b8aa2ba3c113cc1d38871483c62f,2d098d92e36ef7cf2a4475f8e1c4d82a4da77febc2952c81d4293fb21d78e888
305,a/0/6/3,127299584,44504,17,44310,BTAF;BTNF;GMIF,"{""NANR"": 1, ""NCER"": 1, ""NCGR"": 2, ""NCLR"": 3, ""NSCR"": 10}",bea6fb92fafb66c4afcd1a49c3cf182818401350,334fe36de70609047cf045651d8e3409f95eba07e9d7c9e5696bf336d66b8adf
306,a/0/6/4,127344128,51376,48,50888,BTAF;BTNF;GMIF,"{""LZ11"": 18, ""NCER"": 6, ""NCLR"": 6, ""unknown"": 18}",88b6a9527fbeed4560afae0ce5a314ee69b697f4,738304f2224ab48eabefeab3cf87335a6465d7719fa4434c665d84772b57cdd5
307,a/0/6/5,127395840,33436,2,33368,BTAF;BTNF;GMIF,"{""NCGR"": 1, ""NCLR"": 1}",6eb34d485af475746f49b300f2b32b0a494116e6,b5fd9b9bf48047e64e84526dd0401f43aaf5c01022b2ec1611747ac7161ef3b0
308,a/0/6/6,127429632,435516,601,430656,BTAF;BTNF;GMIF,"{""unknown"": 601}",616dcbc2933b1b6ec83244bc0a452ad97d7f8c49,69113f7782278310cb3742fd7ebea67b044d0b0199233da6dca0c3051416b33a
309,a/0/6/7,127865344,47252,98,46416,BTAF;BTNF;GMIF,"{""unknown"": 98}",68b2ad45eb1c16083e37b2d2ec587b29b21c0558,9f59f4f1bfd4fb7774e04c084b1037c0c94dbe788f5f4bc98ac726f08c3b1a21
310,a/0/6/8,127912960,10968,3,10892,BTAF;BTNF;GMIF,"{""NCGR"": 1, ""NCLR"": 1, ""NSCR"": 1}",ca43d8c11978e2f56c0ec64bd7f9b42c48602865,9e5d956e83a265363fa41c33b11385c19b452cfbfe8d87418d6ae9171b75ca5c
311,a/0/6/9,127924224,84028,29,83744,BTAF;BTNF;GMIF,"{""BTA0"": 29}",7b9659175b9cfd3f00f3426f32c1e3f4d1ccc109,c3aab05f5afd74c36e0a902f8be4892703aee086c5aa0d2232643869b9541649
312,a/0/7/0,128008704,24200,6,24100,BTAF;BTNF;GMIF,"{""unknown"": 6}",12b3a4a7fe7b3b4e2a93b839ea1cde034eee3850,1c4796aa89b06695677952810809c43689d17196f41fd54c8b8c5aa536782117
313,a/0/7/1,128033280,65652,39,65248,BTAF;BTNF;GMIF,"{""NANR"": 10, ""NCER"": 10, ""NCGR"": 12, ""NCLR"": 2, ""NSCR"": 5}",80c66d50560faece8e29116d35175dda27732c85,f3b00e8db12844fd239a37d594342e08ffc184715d1adbe002f35b64f78093ac
314,a/0/7/2,128099328,254480,760,247597,BTAF;BTNF;GMIF,"{""LZ11"": 285, ""NCER"": 95, ""NCLR"": 95, ""unknown"": 285}",2c84174b697aa9a0ae9c8017a284453209da41ef,5cda252082472ee0364cd652c10b71d01fb7c8e14062ab827e562ad413a671a7
315,a/0/7/3,128354304,51376,48,50888,BTAF;BTNF;GMIF,"{""LZ11"": 18, ""NCER"": 6, ""NCLR"": 6, ""unknown"": 18}",88b6a9527fbeed4560afae0ce5a314ee69b697f4,738304f2224ab48eabefeab3cf87335a6465d7719fa4434c665d84772b57cdd5
316,a/0/7/4,128406016,956,1,896,BTAF;BTNF;GMIF,"{""BMD0"": 1}",1240b808b3395a30f21e76db655ccad2530f5564,40874dad84aca969d7ac4361623c33ce37a00458e006f1e23bdbf78e5e36fc5e
317,a/0/7/5,128407040,488456,151,487196,BTAF;BTNF;GMIF,"{""BCA0"": 21, ""BMA0"": 5, ""BMD0"": 49, ""BTA0"": 18, ""BTP0"": 11, ""BTX0"": 47}",398e764425b7e0e687e4b1d5ac612e0077f14365,b77918cbb8730960aea24c883aad1a299eddaa4b228f9c010e4aadebca7e6f0e
318,a/0/7/6,128896000,90200,29,89902,BTAF;BTNF;GMIF,"{""NANR"": 3, ""NCER"": 3, ""NCGR"": 9, ""NCLR"": 7, ""NSCR"": 5, ""unknown"": 2}",4184309f593eb2626f8d357acf84397cabb11aad,e7dd6d7fce8f475173d8dcf90c24dd6e3c4ceee369173f1c6fe048970fad2814
319,a/0/7/7,128986624,75500,8,75384,BTAF;BTNF;GMIF,"{""NCGR"": 3, ""NCLR"": 1, ""NSCR"": 4}",2a12b1a40d31589aca816f8e82af774eb8576264,576013c988918020b82f9309b389aefd87a211bfc664bf46af5e61e05378e2c0
320,a/0/7/8,129062400,170496,179,168906,BTAF;BTNF;GMIF,"{""NANR"": 51, ""NCER"": 51, ""NCGR"": 55, ""NCLR"": 7, ""NSCR"": 15}",99fc34bd159ce4eaa71b536eff97aaa08e6fe431,9fbd44fdb6ad3bcaa0a33b1f0ede99ca6fa695ce575f5d1f64afc09360a4752f
321,a/0/7/9,129232896,164308,34,163984,BTAF;BTNF;GMIF,"{""LZ11"": 2, ""unknown"": 32}",f60e01acfe8dc8e33175fef099fe6287dea53c49,16128cfc580f3905042b4e2a3eacc894e367ba8ff6468fcd35da14ca90e953af
322,a/0/8/0,129397248,132,1,72,BTAF;BTNF;GMIF,"{""unknown"": 1}",bdbf8fe69c754584e72b9253d2b4ed7f9a92af46,c146dbb7ecb185f859f42871e9816c99c5d47cc0f5c33acddc34608c2597a7ff
323,a/0/8/1,129397760,372,14,208,BTAF;BTNF;GMIF,"{""unknown"": 14}",bfbb4c7212871ddb8183ac0597e436d91ab463cc,66168110dd71eec76c5e558137d715256a671a067f673fe2cc655dccaf475ae3
324,a/0/8/2,129398272,848,2,780,BTAF;BTNF;GMIF,"{""unknown"": 2}",36b9ba7e13ec010afc2069c51daf4c97dc9cd4da,d17f62b8c27351920a57afd270c985081657121a586260827c678023178d1260
325,a/0/8/3,129399296,73488,172,71988,BTAF;BTNF;GMIF,"{""NANR"": 33, ""NCER"": 33, ""NCGR"": 66, ""NCLR"": 37, ""NSCR"": 3}",0bf5490156a0ee79173ccd88147dac98f6186cee,dcf31460fb686e023478da8a9c60cc76da5688c6df309e60fa753e95d2424708
326,a/0/8/4,129473024,5384,4,5300,BTAF;BTNF;GMIF,"{""NCGR"": 1, ""NCLR"": 2, ""NSCR"": 1}",af28df40c6cc3ef3e81fd188bbcb377579936cd5,cd2b9375e23d39568d0c31a4c0b36273972fb501d029e695535da2d59a506a1b
327,a/0/8/5,129478656,177788,21,177560,BTAF;BTNF;GMIF,"{""NANR"": 2, ""NCER"": 2, ""NCGR"": 7, ""NCLR"": 5, ""NSCR"": 5}",c6ffee8329159c08ff00db6463bd7f6ccaf9fbd6,61a9c41c9892fb74e17cb477147b6e53d4a86301b87977ac32d38a1f407a320c
328,a/0/8/6,129656832,3356,1,3294,BTAF;BTNF;GMIF,"{""unknown"": 1}",ae8eeffe2ab7961fe6ccf24440e1703637209b83,ab3257797bf924ab71759b582c0d97f26e6d570bef7338ddd7f39e7c286ed209
329,a/0/8/7,129660416,168,1,106,BTAF;BTNF;GMIF,"{""unknown"": 1}",46ade4202121483eb44466ab1ceaec7683795a7d,63fdb09a8e644fb28cfa15205fe2ff708d4a0b37e638fbf42a043f896a49fa6a
330,a/0/8/8,129660928,184160,40,183766,BTAF;BTNF;GMIF,"{""NANR"": 6, ""NCER"": 6, ""NCGR"": 11, ""NCLR"": 11, ""NSCR"": 6}",0d08031446fa7e67ab2da078648a353b04a2f624,3feb4cda585ad4a216ed69cf6f0a335d53da5f96e385e3fe94d74a970bbd8f1f
331,a/0/8/9,129845248,42088,24,41834,BTAF;BTNF;GMIF,"{""BMD0"": 3, ""BTA0"": 1, ""NANR"": 3, ""NCER"": 3, ""NCGR"": 5, ""NCLR"": 4, ""NSCR"": 5}",7b4a3d2ba6b79a882fb6c3966f9520c7173e8884,a010bf4ae9b7a6bd92cd15543e85a2e2ea77df38cb07c05f27d4ef3aff2d07a1
332,a/0/9/0,129887744,7108,1,7048,BTAF;BTNF;GMIF,"{""unknown"": 1}",0fe954fa02cf7ab2a3c7ffa8e3864a3b9ca488ab,c598d17afc322facfc1e1289d2100f0ff5743d3ddfc27368aaf1c93c4f1dc73f
333,a/0/9/1,129894912,1292,1,1232,BTAF;BTNF;GMIF,"{""unknown"": 1}",bdff652ed89866a19c46ca19a3cb514fa55c57c9,095bc9c1d14cb50bda7dd94082c7000f95bdbbc3f6344067cb53892ce979ab10
334,a/0/9/2,129896448,17296,616,12316,BTAF;BTNF;GMIF,"{""unknown"": 616}",4f4b1251427a522e31acb24c72bacf5319bc2a2e,963b0ed12abdaa06fb6eb56b200fb3d868559e29bb6cb2c7ab58e2d252036fd9
335,a/0/9/3,129913856,17144,616,12158,BTAF;BTNF;GMIF,"{""unknown"": 616}",296bd091f64065a3ae83b3d028b026a22e9d6979,05d251a35fcd294e048c9dc43764e5b90ae0a80772e408ca00cc908c24eb4be6
336,a/0/9/4,129931264,312980,53,312494,BTAF;BTNF;GMIF,"{""BCA0"": 1, ""BMA0"": 1, ""BMD0"": 1, ""NANR"": 3, ""NCER"": 3, ""NCGR"": 19, ""NCLR"": 6, ""NSCR"": 19}",4b15dd08d3aa4a2229a65c3333af49bba3d41093,ac81491ae333bf313ccbdbfa395c5a66517d729235a0a2eb7b65fb4bde18718e
337,a/0/9/5,130244608,1916912,165,1915500,BTAF;BTNF;GMIF,"{""NANR"": 1, ""NCER"": 1, ""NCGR"": 60, ""NCLR"": 60, ""NSCR"": 43}",6c1ee539ec12888aa253b045bfbbd54efac90a1c,e0fc5907c642edc057c06be7bbb415ef64acc2942b0721b34a87368cbe784723
338,a/0/9/6,132161536,52720,42,52292,BTAF;BTNF;GMIF,"{""LZ10"": 22, ""NANR"": 3, ""NCER"": 3, ""NCGR"": 2, ""NCLR"": 9, ""NSCR"": 3}",92a4020eb6bd03a49aaff6927914ac56efbf9d9d,fa75f01f43c515a98a1f116426cc8e8fd7f7cf03616e8ef3f4c88fb6b3613b5d
339,a/0/9/7,132214272,25232,2,25162,BTAF;BTNF;GMIF,"{""unknown"": 2}",cd32c13cca3cdb85ba2a1bf5e2e14fd278090fe0,cef3e7c0cc1c08b674b07d48ed5b23346ddaadd8cd65fc29e4ab48e8d3f0f940
340,a/0/9/8,132239872,12676,10,12525,BTAF;BTNF;GMIF,"{""unknown"": 10}",8ed91368d0c8788218e8b3eced0a5d682a22082c,60cee0a596ca7c5ff09d21d6caf113cd1c2719d20d1ebb88b0b534d32e4f0e7b
341,a/0/9/9,132252672,12348,17,12133,BTAF;BTNF;GMIF,"{""LZ10"": 13, ""NANR"": 1, ""NCER"": 1, ""NCLR"": 2}",2879046dc26c0c86faf50ca641740d64d99c17cc,80ce75158961feb32582eb60a0625210d5e7eca082f38e5ef6370df3eca6893c
342,a/1/0/0,132265472,17712,20,17477,BTAF;BTNF;GMIF,"{""LZ10"": 19, ""NCLR"": 1}",e1842c89663c9d2b96ad3b2148725bf107babd98,f78d5f7a943cd225214790680b34d348b2eaeb4c5ff094c62a168015cbcc4f4f
343,a/1/0/1,132283392,732,1,672,BTAF;BTNF;GMIF,"{""unknown"": 1}",3653b15883962a91d3e92a0f40664df6606dbb3d,e448b86ff038c2e80effe36cb344111906368737ec2ed6e1a77e6b0d15970532
344,a/1/0/2,132284416,75088,31,74780,BTAF;BTNF;GMIF,"{""BMD0"": 1, ""NANR"": 3, ""NCER"": 3, ""NCGR"": 5, ""NCLR"": 4, ""NSCR"": 15}",69798630ffd7da0b3b1d1a059e793fbd24014fee,37bf7da18ced531114a53aa14b32a9fe397c78fe1a221073bb74b7e01e99af92
345,a/1/0/3,132359680,1883984,64,1883414,BTAF;BTNF;GMIF,"{""BCA0"": 20, ""BMD0"": 20, ""BTA0"": 6, ""NANR"": 1, ""NCER"": 1, ""NCGR"": 2, ""NCLR"": 2, ""NSCR"": 1, ""unknown"": 11}",7eb08da3bbe3752205e2e759f1fe9b3409b87cfb,fce95cf93064b87124de6fa3c86bd739973ffd3654dc541532712530d4875db9
346,a/1/0/4,134243840,257708,13,257552,BTAF;BTNF;GMIF,"{""BCA0"": 3, ""BMD0"": 3, ""BTA0"": 1, ""NCGR"": 1, ""NCLR"": 1, ""NSCR"": 1, ""unknown"": 3}",ba8ef7a50e3480d36b07eeb5b42cbb0972f4aa86,fa4b5ed9d2b99cf8ea9bbc51b77301fd8c771f98fd540b1a06618cfcc0decc39
347,a/1/0/5,134501888,5736,29,5452,BTAF;BTNF;GMIF,"{""unknown"": 29}",41fb4c007f5e30afd8fd87f138443c0ab2ae8733,98355eaac091a6a0f3d1a77afa1c9566cb4dbaff368a790e13982c13872f9427
348,a/1/0/6,134508032,22864,20,22640,BTAF;BTNF;GMIF,"{""NANR"": 4, ""NCER"": 4, ""NCGR"": 5, ""NCLR"": 5, ""NSCR"": 2}",3586dcec80091c89a284895c63276bf03a63c8eb,162553a25bcdaf1ceb6e0855d45ae1fcc52e6ba44056da9899a33f250f62959c
349,a/1/0/7,134531072,155952,39,155588,BTAF;BTNF;GMIF,"{""BCA0"": 8, ""BMD0"": 6, ""BTA0"": 17, ""unknown"": 8}",083ea83eedb615b7bea6b820db8adb1c5f15cb6e,27f867085c26577409cea4ae8fa105116489e907a5f1ca3db35dfa92571616c5
350,a/1/0/8,134687232,10228,282,7920,BTAF;BTNF;GMIF,"{""unknown"": 282}",179995971ac247922aea96a487090e041654e9a7,f7cb1cd512e77332662f6d438fbca06095d66f608745eb952044eba62ad0373f
351,a/1/0/9,134697472,256,17,68,BTAF;BTNF;GMIF,"{""LZ10"": 1, ""unknown"": 16}",a9eceae5d28c178ff2797789ac3d41b5396f9850,995a309701a4488a716af92a534e840dbc75c0336a1d1065786058be900a11c8
352,a/1/1/0,134697984,33440,2,33372,BTAF;BTNF;GMIF,"{""BCA0"": 1, ""BMD0"": 1}",3011565a9501dcd1733d15ec94dbc1e03b656ca1,993d894e36ce5bca3260380db8337cc5df05bf5294c9746e42f41c05612d642a
353,a/1/1/1,134731776,25144,6,25044,BTAF;BTNF;GMIF,"{""unknown"": 6}",87a36469cbf1fd5e39954772e440aa33dfb06128,18a911a838cf53f07e0c0d52ea07da4c8ce57aaeb068928a4cf5c94d073811ca
354,a/1/1/2,134757376,23876,6,23776,BTAF;BTNF;GMIF,"{""unknown"": 6}",39139a623208d74ecd90432176bcaf1d7be25697,9d99332c539cdbd8a0baebffc3e671467a8665b41cb21a2b4e536028b63b678e
355,a/1/1/3,134781440,24000,6,23900,BTAF;BTNF;GMIF,"{""unknown"": 6}",f3172f2a618d33d67bb19c33e803a8b3bc1886c2,97d14f5d315610a3145c2ad6e722578af943262a61b31346843d5257b83cd84a
356,a/1/1/4,134805504,23876,6,23776,BTAF;BTNF;GMIF,"{""unknown"": 6}",dc569755f402e2ede8732139b376c4dbfc3519a1,239d93728e0e3ddb879e46a5cae59c809040782928c5a825501ef1dafaa22f79
357,a/1/1/5,134829568,2878656,183,2877140,BTAF;BTNF;GMIF,"{""BCA0"": 42, ""BMA0"": 15, ""BMD0"": 60, ""BTA0"": 12, ""BTP0"": 22, ""BVA0"": 24, ""unknown"": 8}",388e4a593fb44b9d02eb11a40ed6af2df03f283e,3be98bdd3ebf1810fe9b9448d15f66e9edc14ecac2aeb493b8603d5f5e93b73e
358,a/1/1/6,137708544,92312,79,91556,BTAF;BTNF;GMIF,"{""LZ10"": 42, ""NANR"": 4, ""NCER"": 4, ""NCLR"": 29}",a5ae85eb328cedf09380fcb70632faecbc7305ff,db5c0141e26b3f5df7c04d60cd13a1ee4823a4c8d7c8c97f6981d737fa2490c0
359,a/1/1/7,137801216,2384,53,1908,BTAF;BTNF;GMIF,"{""unknown"": 53}",996898a6e3ea8dd97e80a265cd13afbea82514bd,21217880b54bfac038b13a26ede88ff270eb498a0a8ec53d8a9a84cf79e0cc17
360,a/1/1/8,137803776,22348,11,22204,BTAF;BTNF;GMIF,"{""NANR"": 1, ""NCER"": 1, ""NCGR"": 2, ""NCLR"": 2, ""NSCR"": 5}",1a857bc3e2300372721b139f7e1bd0a231276e3d,dee32ef7624170efc79ba97ba1c4ad73362b25a4db2e37f271cfef2418c7639f
361,a/1/1/9,137826304,832,9,694,BTAF;BTNF;GMIF,"{""unknown"": 9}",b6cd6183ed332cb11829f0a5b60cbe5307b59f1c,99bfd915451d5f8c2520937fbf521a4b20d7227435ac5b1a5bdc906a95b18473
362,a/1/2/0,137827328,50508,5,50416,BTAF;BTNF;GMIF,"{""NCGR"": 2, ""NCLR"": 1, ""NSCR"": 2}",f227fa959ee3924aecdbbd1a0be87adb59ea3cc9,3c150aaf32df7953453e6fa545b705de6a1b06c17f5e41be6c7dbf4bb00213c9
363,a/1/2/1,137878016,62356,23,62120,BTAF;BTNF;GMIF,"{""BCA0"": 4, ""BMA0"": 4, ""BMD0"": 1, ""unknown"": 14}",ae0aff20e27211bf02b4a595de8e2284d8e6e710,9b5a55100e63fb80cf2ef2e8be2484418c2ec11aa9b2709cb543d6a1bf2478e6
364,a/1/2/2,137940480,31264,15,31092,BTAF;BTNF;GMIF,"{""BCA0"": 6, ""BMD0"": 6, ""BTA0"": 3}",520ed7aab77431cfc251047ad6d2c1619cb6ed37,0fb8f2eb0ee54bc148cdb6e1e4565f04677fe7e17045d70358919d2d84298281
365,a/1/2/3,137972224,13140,650,6844,BTAF;BTNF;GMIF,"{""LZ10"": 1, ""unknown"": 649}",0a58fd3e449e4c7c46094e34ade6c0dbb0b4ad7d,a84ea85d18523baccf853a48b3ef58373390da10c9b46ee629aedcf475d0cc93
366,a/1/2/4,137985536,56196,29,55892,BTAF;BTNF;GMIF,"{""NANR"": 6, ""NCER"": 6, ""NCGR"": 8, ""NCLR"": 5, ""NSCR"": 4}",d85c0b58047a327b3a70cbb0da7e181de957953b,128da3d181ebc19c74523b0911000caae3c6a9bf0c222fb16a130e49dd110db4
367,a/1/2/5,138041856,131304,428,127634,BTAF;BTNF;GMIF,"{""LZ10"": 3, ""unknown"": 425}",c7c6ca4bb7a72883037efdfbfb7e29ee5aca723c,95af4dc093add3fe1df7ec35742ec729a70cba5ab2e1b24f0f993a0d1ef08d76
368,a/1/2/6,138173440,35284,112,34336,BTAF;BTNF;GMIF,"{""unknown"": 112}",523858b7935f517bd4e06d36cbd9cfd14eb76b03,4b7058e62d7d682b255d68530972df634b5c3fd61e501b73427ad3029fa6c401
369,a/1/2/7,138208768,50012,7,49904,BTAF;BTNF;GMIF,"{""BMD0"": 1, ""unknown"": 6}",5e3acbf3b78192a6de1f08f38fed0c1192dad26e,f2300703c82c96ffb70a5600dad7484bfe08d91de7a9263ee6bef7d1c46d5f9f
370,a/1/2/8,138258944,56992,8,56870,BTAF;BTNF;GMIF,"{""NANR"": 1, ""NCER"": 1, ""NCGR"": 2, ""NCLR"": 3, ""NSCR"": 1}",da09079557351a9af3c67e0c24cad60a3815ba51,a8488ef70f90cdc5d4dade27594013769e2e717e548a6df67866e3fd61c597ae
371,a/1/2/9,138316288,465644,12,465496,BTAF;BTNF;GMIF,"{""BCA0"": 6, ""BMD0"": 6}",dcbee2716764a9915ce54f93948377a2ddf68ed3,30adacd60c94ca68414211afad69e4a094256ac2b3613add0b418389d8c6f3c4
372,a/1/3/0,138782208,113136,36,112796,BTAF;BTNF;GMIF,"{""BMD0"": 1, ""BTA0"": 14, ""BTP0"": 20, ""BTX0"": 1}",13ca55b6c610e30195f574bbff5c8d600346d38b,a727b195b198225e051918f25077f7ddb6c6cb6afe6ccaf6e8f392287d4f20df
373,a/1/3/1,138895360,693020,69,692362,BTAF;BTNF;GMIF,"{""NANR"": 6, ""NCER"": 6, ""NCGR"": 31, ""NCLR"": 18, ""NSCR"": 2, ""unknown"": 6}",9c7d999ab4c72ccaf0610ee060ac87b859f95e3c,5f0fedcf329688a538e0070999fca401ba942aaa81f49de3112b75302db76b9a
374,a/1/3/2,139588608,292,5,200,BTAF;BTNF;GMIF,"{""LZ10"": 1, ""unknown"": 4}",890c9b3ae6849530cfb42e7c8cd496ce88329829,8306946c3a99b1f972e35d4ff9d0b0f28ece4482734ab5ec811d4ed7ca6ca2aa
375,a/1/3/3,139589120,52652,12,52502,BTAF;BTNF;GMIF,"{""NANR"": 1, ""NCER"": 1, ""NCGR"": 2, ""NCLR"": 2, ""NSCR"": 6}",150ebed14d93d585e4269c678580de7b781a84ba,8a85e42978226380fdabfd66ea79e147c8b0bd967a77c0fba113fc67510a2d0f
376,a/1/3/4,139641856,19509524,670,19503116,BTAF;BTNF;GMIF,"{""LZ11"": 670}",28efe8565f410ca41efaa350ace34f2cab930040,ab7098b0e8ab1261c8f6c2b9adb38d4149ece1446e9309297b1781e22f3c869e
377,a/1/3/5,159151616,37260,28,36984,BTAF;BTNF;GMIF,"{""BCA0"": 12, ""BMA0"": 1, ""BMD0"": 8, ""BTA0"": 4, ""BTP0"": 3}",65d537f8674be36c59b43e5474ca0248eaac0c8e,9b357018b608351c96f069fcf22dbb5d9d690501842b2eef91b03637fc0aaf2e
378,a/1/3/6,159188992,548,31,248,BTAF;BTNF;GMIF,"{""unknown"": 31}",67cafd0425b13755b3a2a3c377149fd4394b07ce,4968139005ba77355d44bfbc3f101d627fa0a344587ce856e430117fb16fc6d0
379,a/1/3/7,159190016,160984,108,160046,BTAF;BTNF;GMIF,"{""NANR"": 9, ""NCER"": 9, ""NCGR"": 13, ""NCLR"": 41, ""NSCR"": 36}",a9b42fb5ccc4174ba75c012d70852e569f6c82c2,cbadd75dcd0ee8b06a91941c2907cdc74289286e5f0f6cef1cef0ec3e4fa02ff
380,a/1/3/8,159351296,26132,8,26016,BTAF;BTNF;GMIF,"{""BCA0"": 1, ""BMD0"": 3, ""BTA0"": 4}",f0f7cf2ad2bc5886e4123f1d3276e5e7538bfc2c,360399683c04aba75fe8dbd48a8ab8598e703f95e2cd29590a5589fbf4c1dc18
381,a/1/3/9,159377920,52420,12,52272,BTAF;BTNF;GMIF,"{""NCGR"": 4, ""NCLR"": 4, ""NSCR"": 4}",4ac3df93eac70dba63c3878b4cfd3fe516b0672e,9b5a19c75fddfa723c6fb5740e7c8775d92ee8077d3a87fee92a8b39ee749899
382,a/1/4/0,159430656,93668,7,93560,BTAF;BTNF;GMIF,"{""NCGR"": 2, ""NCLR"": 2, ""NSCR"": 2, ""SDAT"": 1}",6f63efb2291cfe349cda61a286dd0ab0efb7380e,b994180254875ce7cd0ad1e4d1cb70083fca4a9e6646306af199481011a5cb74
383,a/1/4/1,159524352,22192,14,22016,BTAF;BTNF;GMIF,"{""NANR"": 2, ""NCER"": 2, ""NCGR"": 4, ""NCLR"": 4, ""NSCR"": 2}",20123e42e020516568ce05d18aae5b4077c90180,b830ee3a3e40cde0c79f6d2e413e73825a39a1fd833b46c7daaa6de4c214abbf
384,a/1/4/2,159546880,342860,39,342492,BTAF;BTNF;GMIF,"{""BTX0"": 24, ""NANR"": 1, ""NCER"": 1, ""NCGR"": 4, ""NCLR"": 4, ""NSCR"": 4, ""SDAT"": 1}",7fa906a57826e32296ded78054328cefcb38ebe7,71c178bf17888066c0c48ab8fd03580215306a86372656c22ad6cba45e71d60a
385,a/1/4/3,159889920,152488,28,152204,BTAF;BTNF;GMIF,"{""NANR"": 3, ""NCER"": 3, ""NCGR"": 6, ""NCLR"": 6, ""NSCR"": 10}",d5eb2f40b24fa75a52f2ceafae187a462c6d6fac,f779a353809dcdc306b1d58caa4961a060ef8d05656cc4f797db6a6639a266a5
386,a/1/4/4,160042496,134516,24,134264,BTAF;BTNF;GMIF,"{""NANR"": 2, ""NCER"": 2, ""NCGR"": 5, ""NCLR"": 5, ""NSCR"": 10}",862f6ec59e2ebe6075b0723803ecd5e7aabcdff0,ac2a43b34d6b362fabf7543f66bd191eda971a793194208467d57e3003924a4f
387,a/1/4/5,160177152,43456,8,43340,BTAF;BTNF;GMIF,"{""NCGR"": 1, ""NCLR"": 4, ""NSCR"": 3}",1b36c38c33631cc20d15d26015e647ff8fcdb48b,190404a4ed64cac7442ea20566f6d1da415c76cf09145e43a902b2abeaae8420
388,a/1/4/6,160220672,412,10,280,BTAF;BTNF;GMIF,"{""unknown"": 10}",19c4c2a6acce472ba2a269a4b4328bba15958fda,2a6cebb98faeb9151c2c5429c31c074d6470a4636ba5e646be49e7821eadc581
389,a/1/4/7,160221184,192,3,111,BTAF;BTNF;GMIF,"{""unknown"": 3}",e5faed26a5240152208a73f815df0ccf2e3a50cb,b2ebedf83e8468b0c6a34c8b8d16bcaad36ba4309d1c74491d5e039a7c209ec7
390,a/1/4/8,160221696,110800,18,110604,BTAF;BTNF;GMIF,"{""BMD0"": 3, ""BTA0"": 1, ""unknown"": 14}",17bff86a03a2391da83832f215e38197fb378208,2a5a64e2f6f2af6378cf0ccfa75d623feb31914c14492e766c62f5ce6620e4fa
391,a/1/4/9,160332800,92,1,32,BTAF;BTNF;GMIF,"{""unknown"": 1}",23c83531f39459334b014ea06ef0875026db278e,a1a96f5ee94ce203543e021387447facb968821297d8c1a5cc902df788e1efe4
392,a/1/5/0,160333312,407364,32,407056,BTAF;BTNF;GMIF,"{""BCA0"": 4, ""BMD0"": 12, ""BTP0"": 8, ""LZ10"": 2, ""unknown"": 6}",59d9800d60960833d258bab1f4802b9ea4dfca58,7ce579c6d351b09e8a003453cac65ced1a0ceda564d03d690d2af3dfb3958b7e
393,a/1/5/1,160740864,109252,12,109104,BTAF;BTNF;GMIF,"{""NCGR"": 4, ""NCLR"": 4, ""NSCR"": 4}",bab654b49a1c96b3229843884367f6aa1a0206a1,1a266413a2f352112e81685ab4cbb0668a010872b4e58760d210e8de5f4c374b
394,a/1/5/2,160850432,3740,3,3664,BTAF;BTNF;GMIF,"{""unknown"": 3}",c6dd30928e04cf59bcca97f1583e7956f3a28ab8,142d70cbdc0e1ddf0b0e48320a08435b70a3583bbe4c2007b6758681000bfb34
395,a/1/5/3,160854528,60708,9,60584,BTAF;BTNF;GMIF,"{""BCA0"": 4, ""BMD0"": 3, ""BTA0"": 2}",73665fed6430a3d4233d769e8020f1200490f8f7,34ab4dc674536b382242d25db9edbf7b3b4d04619a7adc6cd82a88f4b9519f2f
396,a/1/5/4,160915456,3996,37,3646,BTAF;BTNF;GMIF,"{""LZ10"": 1, ""LZ11"": 1, ""unknown"": 35}",4c36dcfad09f506c7a4b4504c3d06fabb5bda941,f8b0f88dfc09ce831cdb4f1740255b428374f8ce94bed26f2e38cad8ecb6d6b0
397,a/1/5/5,160919552,46844,48,46370,BTAF;BTNF;GMIF,"{""LZ10"": 31, ""NANR"": 1, ""NCER"": 1, ""NCLR"": 15}",9f9e3ebec00e5a0c6b3e58c7dd4fbb078e5f8d21,001eee46c0aef4d2555b52086efab56c0efbbe55bdc3a9ec6aa4a2772973699b
398,a/1/5/6,160966656,149164,46,148744,BTAF;BTNF;GMIF,"{""unknown"": 46}",03145a8b2c1cb808e62bfec1e417077f4dc70e5d,d5e60ed1e62f6b6d4c66cb828800b8c2e1856d5fd8a901ef2ab3f7f7e628c097
399,a/1/5/7,161116160,51428,26,51168,BTAF;BTNF;GMIF,"{""BMA0"": 1, ""BMD0"": 8, ""BTA0"": 15, ""unknown"": 2}",418305dfaff6b5f02a22b7a40ad91709df2f902f,513f97e84a533f231776d7a1deb445cda0dbcfa416905c4c2ff4307e42f2eae9
400,a/1/5/8,161167872,1100,5,1008,BTAF;BTNF;GMIF,"{""unknown"": 5}",99822c7b880dc03fcb9306678faae29be6158534,7552cb3d8f1188d6bb6c0d3ba535cbbc596baaebe1a56100f54546fdcdf0a787
401,a/1/5/9,161169408,535720,113,534734,BTAF;BTNF;GMIF,"{""NANR"": 10, ""NCER"": 10, ""NCGR"": 33, ""NCLR"": 22, ""NSCR"": 38}",886e1444d59da08a161054d13a2aae57e2d6ef97,6b34bf5ba857220c5235715d05660fc29b6aab052cb6f11fde894b8faf784f44
402,a/1/6/0,161705472,11699360,252,11697292,BTAF;BTNF;GMIF,"{""BCA0"": 52, ""BMA0"": 22, ""BMD0"": 81, ""BTA0"": 40, ""BTP0"": 31, ""BVA0"": 7, ""unknown"": 19}",88b0ce660c381af8b27ef6cee51fd85402312f1f,0364e7c7473def5d775e8c1183d31d2a8ecf1f719adf15fe9f7bc2d485579363
403,a/1/6/1,173405184,3852,5,3755,BTAF;BTNF;GMIF,"{""LZ10"": 4, ""NCLR"": 1}",e151423375680160545fd4fde240e89e662156fa,13b843ed8c514e0c1546f459c6c13b211a3dab89bfe89917a4342489cce2d172
404,a/1/6/2,173409280,71316,19,71112,BTAF;BTNF;GMIF,"{""BCA0"": 12, ""BMD0"": 5, ""BTA0"": 1, ""BTP0"": 1}",fa510a1277719b1bb0f7c78ef0215eb34bba5255,31e2290c833f3800f633dafc500029b06a21b51eee689f308277447d14a99af9
405,a/1/6/3,173480960,416,7,308,BTAF;BTNF;GMIF,"{""unknown"": 7}",f9c43b2e06808eebd4e6b6609cf3e1d5698ea333,87b63f3472e63f715066a157014a8eb9de05c0f1c4280c7c67323e152c246ed4
406,a/1/6/4,173481472,11596,5,11504,BTAF;BTNF;GMIF,"{""NCGR"": 2, ""NCLR"": 1, ""NSCR"": 2}",3f772455bf2757e5a0f432a89a42a59ad88e0e3d,ea4aac4e9cb1e250eff308fa0d1cfa5e14230760d437b08ba3316e0d17cf954c
407,a/1/6/5,173493248,1560,13,1404,BTAF;BTNF;GMIF,"{""unknown"": 13}",722791cb7d5aef8c4a52683b99c678dbb6242af6,22697183c98b722e2b686eeebbfccc29b25158fed94c4f6d9c8149667fb845eb
408,a/1/6/6,173495296,448,9,324,BTAF;BTNF;GMIF,"{""unknown"": 9}",70eb5fdcaa42f414a8c07412a39530700a0c3b44,8700ea4f251fe7764112c55967e20d26f9987b6aff289696aaa15036d3c1473b
409,a/1/6/7,173495808,76604,655,70295,BTAF;BTNF;GMIF,"{""LZ10"": 650, ""NANR"": 2, ""NCER"": 2, ""NCLR"": 1}",1915614b4900b3a1e2a827c5546e78d4991a44fc,0b9bc712d463d612238f11bbd463932ecb73089ac9851a6838d1022040600b5a
410,a/1/6/8,173572608,37160,315,34588,BTAF;BTNF;GMIF,"{""LZ10"": 5, ""LZ11"": 5, ""unknown"": 305}",738eeff4bee6a7cfbc8d448f23f58ad52ce76314,69d17bcc62e4bb0f246bd6546d1299205413ff1e12bd9655b19f3735a21419b4
411,a/1/6/9,173609984,22876,951,15216,BTAF;BTNF;GMIF,"{""LZ10"": 4, ""LZ11"": 1, ""unknown"": 946}",2dac84a8a4c8dca13be326dc071ecbd550eb2ee7,db14c00f0c288755fff0d10728605d612aa64fa85ecde42eaff55de16662d9ec
412,a/1/7/0,173633024,274724,37,274359,BTAF;BTNF;GMIF,"{""BCA0"": 2, ""BMA0"": 2, ""BMD0"": 2, ""BTP0"": 1, ""LZ11"": 2, ""NANR"": 4, ""NCER"": 5, ""NCGR"": 6, ""NCLR"": 7, ""NSCR"": 3, ""unknown"": 3}",8e15a2cc2259032473936a33ca2574c6c5868adf,6426dd55d6d8f3806445a9bb62d5456e45c4ce2b3d46c0b9ee1023a873493bff
413,a/1/7/1,173907968,44400,14,44236,BTAF;BTNF;GMIF,"{""unknown"": 14}",0ed40119d5be81f198ebf5b45a0bcac95dd80472,eb4caa69e2a4d0464bd38cda8b5ce6403aeb8a626e5736b0c4e578c573a668af
414,a/1/7/2,173952512,244544,27,244268,BTAF;BTNF;GMIF,"{""NANR"": 2, ""NCER"": 2, ""NCGR"": 7, ""NCLR"": 8, ""NSCR"": 6, ""unknown"": 2}",a1346a04ae87286e659584eb97ec03ad4112728a,c00a7f61865b808ec2eacd621dd530805ee349a70efc36915dc27f27657e786a
415,a/1/7/3,174197248,32860,35,32518,BTAF;BTNF;GMIF,"{""LZ11"": 9, ""NANR"": 3, ""NCER"": 3, ""NCGR"": 14, ""NCLR"": 6}",87233594902673a440076dbeaf65e178d625041a,e25102169f20d3c9af9e0e68b0246533572e7a4ffe11d3d783fe9cdca098bea6
416,a/1/7/4,174230528,3220,24,2976,BTAF;BTNF;GMIF,"{""unknown"": 24}",29334e78b68b52ef062b06651116bc44fce68814,648e178473a341f97712dc4ac328d4aec18c64e754f568b5d03be929b6a38373
417,a/1/7/5,174234112,140,2,72,BTAF;BTNF;GMIF,"{""unknown"": 2}",16a7b4fa2dcb4c2085ede299f17808752e14437d,b03a96e44f60371325ac4ede34777aeda7028bc8c619e6f8297155461305b5dc
418,a/1/7/6,174234624,1578480,52,1578012,BTAF;BTNF;GMIF,"{""BTX0"": 52}",b03a1829e4ac26783c77b98e0500e18b39bec2be,16143f30225cc9ee6bc0aa22943501e6f680ea468d3c55466ca82890e11217fe
419,a/1/7/7,175813120,1135876,64,1135312,BTAF;BTNF;GMIF,"{""BTX0"": 64}",05bcc68b606a35e0f37bb6b40793a3683607bf80,26a6700df69ac5757c19c2678fd3a6fae4786907b9ab45cdc230d0f3551a09ed
420,a/1/7/8,176949248,168792,649,161601,BTAF;BTNF;GMIF,"{""unknown"": 649}",eb20c73d966edf4240cfedce618c6368a0536a11,4c11278e200e4dbf7c0a95f721f93c088d82057ecffd830edc089577c89ce5dc
421,a/1/7/9,177118208,3652,50,3200,BTAF;BTNF;GMIF,"{""LZ10"": 1, ""LZ11"": 1, ""unknown"": 48}",d31be611e6617d65276fc3d0f195bd7836e0c329,8ff5a8fa75530b572a134f44ccbb500fda56f4e24082efab938193ebc3d7276b
422,a/1/8/0,177122304,60792,44,60343,BTAF;BTNF;GMIF,"{""LZ10"": 22, ""NCLR"": 22}",0bc9c73ebd7d416c77181df2c0fc4d3cbf39ff2c,f5af66562dd083a5d8842fd4a502097f8a50c07a102487d07691bcf7e71e3603
423,a/1/8/1,177183232,138256,35,137922,BTAF;BTNF;GMIF,"{""BCA0"": 6, ""BMA0"": 6, ""BMD0"": 6, ""NANR"": 1, ""NCER"": 1, ""NCGR"": 4, ""NCLR"": 4, ""NSCR"": 3, ""unknown"": 4}",99f632922d47a8a546d3ee55be6eba504855612c,e2fe2e99b7cd6c07f6daa5fc905ce9bda8c46c56a67ee168cf2eddd97b69b2e3
424,a/1/8/2,177321984,39072,11,38928,BTAF;BTNF;GMIF,"{""BCA0"": 1, ""BMA0"": 1, ""BMD0"": 1, ""BTA0"": 1, ""NANR"": 1, ""NCER"": 1, ""NCGR"": 2, ""NCLR"": 1, ""NSCR"": 1, ""unknown"": 1}",5b1d4fd05f7e738ec937ce48e0fcf293be6770a0,ea955a3a0e7a02c732a7d0b41f8e0c6533cd44084dd5f3083757f7c287233805
425,a/1/8/3,177361408,186876,28,186600,BTAF;BTNF;GMIF,"{""BCA0"": 5, ""BMD0"": 12, ""NCGR"": 3, ""NCLR"": 2, ""NSCR"": 6}",f91bd6cc36fde74c7483cf1496753163e8030c31,dadacf47e70e275379a68408df0da6cf8aa06935d71be612eff08e62703d3e9c
426,a/1/8/4,177548288,69508,17,69306,BTAF;BTNF;GMIF,"{""NANR"": 3, ""NCER"": 3, ""NCGR"": 4, ""NCLR"": 6, ""NSCR"": 1}",fac895b7d383767fe8770895607e6387b01a63ce,6b8d71ec6c3a18919b673cd15eba9c299ad11b63b411b5ca36bd2301ecee9e23
427,a/1/8/5,177617920,84,2,16,BTAF;BTNF;GMIF,"{""unknown"": 2}",3663b9163a15cab3159d8b9b8d502beeca9cddb2,20e1e90af1ee7d4d0bc47d90148bfe34e434db6b1c5efddfd6fac208cf02090b
428,a/1/8/6,177618432,468,7,350,BTAF;BTNF;GMIF,"{""unknown"": 7}",80b1b7bf9dad0a294d6c516049977238419dd439,7a14a3fa79c92e3d51a63f7fb81cdbffb3834028d5425039d127ce034c30aced
429,a/1/8/7,177618944,109764,12,109616,BTAF;BTNF;GMIF,"{""NCGR"": 4, ""NCLR"": 4, ""NSCR"": 4}",732b3f308361a5f8201c579531ab38462a186dfa,12edff8ad1571a0fefdd3b34d64150b033af55736c9b816c528ebea075d2937d
430,a/1/8/8,177729024,11056,5,10964,BTAF;BTNF;GMIF,"{""NCGR"": 1, ""NCLR"": 1, ""NSCR"": 3}",6a7a03c41f76becb22461ffdb6cc58d9a33d73d2,cf896e9d5c1e751d98a8f3a590ec1969bef7c692c7d8bb1873de6e7eea395b39
431,a/1/8/9,177740288,35084,11,34940,BTAF;BTNF;GMIF,"{""BCA0"": 1, ""BMA0"": 1, ""BMD0"": 1, ""BTA0"": 1, ""NANR"": 1, ""NCER"": 1, ""NCGR"": 2, ""NCLR"": 1, ""NSCR"": 1, ""unknown"": 1}",73792e843a332a63bfe710b8bee8e64959d5737b,516fbaaf3532e6a827fdfd1ec677fc1c30dd4013e55a9ede94a0b5fd47477acb
432,a/1/9/0,177775616,69356,7,69248,BTAF;BTNF;GMIF,"{""BMA0"": 1, ""BMD0"": 3, ""BTA0"": 3}",86d00453230c861454736378ebe98caa77d43b21,be858f60753ae02b406f752c6becb624696bb7cca7bd8684ab0f57181a9f08b0
433,a/1/9/1,177845248,20024,9,19896,BTAF;BTNF;GMIF,"{""NANR"": 1, ""NCER"": 1, ""NCGR"": 3, ""NCLR"": 2, ""NSCR"": 2}",5a9747013b6902ce00252c154891cc6e45905ca6,cbdc198ca283e0801d45b08311a883f0bd8c6eb620c8538a4f95ab77ecabb909
434,a/1/9/2,177865728,105128,23,104890,BTAF;BTNF;GMIF,"{""NANR"": 1, ""NCER"": 1, ""NCGR"": 8, ""NCLR"": 3, ""NSCR"": 10}",6c48abcbc049dafb7e339f8f85a773c0260176db,a649de67b00182e3aedf5c1e467496a87f764a3a214079f71a7af6d8468def2b
435,a/1/9/3,177971200,20892,14,20724,BTAF;BTNF;GMIF,"{""NANR"": 1, ""NCER"": 1, ""NCGR"": 4, ""NCLR"": 2, ""NSCR"": 6}",1863509d82422b85764a407021851ac2cb510169,fbbf46c75300f2521bedbf6bfc8ac21cd496d9e96d7a7daf9d4fc6688edcc4dc
436,a/1/9/4,177992192,7876,652,2608,BTAF;BTNF;GMIF,"{""LZ10"": 388, ""unknown"": 264}",cfd2c45c6e52bc0e77fa1adaadb095c75f442ec1,2117e168fe30326fbfc7b1b5f3ad634f840ac1073c66ec4426a4e4864ad69fc9
437,a/1/9/5,178000384,14408,14,14240,BTAF;BTNF;GMIF,"{""NANR"": 3, ""NCER"": 3, ""NCGR"": 4, ""NCLR"": 2, ""NSCR"": 1, ""unknown"": 1}",711a6c6ff19ac90072e2f4d96ceed6c7ab7eac1c,501ca9d987bc7f5cc63c3c5a1ed6213bbda932f5cbcf7a1784147ce2aac6dd25
438,a/1/9/6,178015232,2608,7,2491,BTAF;BTNF;GMIF,"{""LZ10"": 3, ""NANR"": 1, ""NCER"": 1, ""NCLR"": 2}",c253f4b8fc8e7052fabc7f80f63997aaa4af26eb,6c1e5e146a81ec41658be388d4e21e2f2dd4dd9d6050c3094504227011063923
439,a/1/9/7,178018304,152180,8,152064,BTAF;BTNF;GMIF,"{""BMD0"": 5, ""NCGR"": 1, ""NCLR"": 1, ""NSCR"": 1}",a8171d59d53db11ef6fd8ca89d1bbf439bb24a58,a529c990a715b9599316abf4049a14a23b4c18a019b69a41b2630fb921460ff6
440,a/1/9/8,178170880,316,1,255,BTAF;BTNF;GMIF,"{""LZ10"": 1}",b41aa9726d52b0b2f345963d9a3c59af8523757b,1d2da7aa34d324376a0285ef8ccc395d73f2a95622454d1327988619854ae0e1
441,a/1/9/9,178171392,5448,11,5296,BTAF;BTNF;GMIF,"{""LZ10"": 6, ""NANR"": 1, ""NCER"": 1, ""NCLR"": 3}",1243367fe09572fc5e1886780521d2258c616324,ed37617cc9d835e5ea10796403aac344f06ffd0a891cf1faf3dfdcaa38041bc8
442,a/2/0/0,178177024,4312,3,4236,BTAF;BTNF;GMIF,"{""NCGR"": 1, ""NCLR"": 1, ""NSCR"": 1}",aa7dd4eab3a69b19d15c007197183d8e945c5b32,6e793ec4f131c1b24f603ac43c1bcc0deae150d54b6683bbf89a553c57d39c67
443,a/2/0/1,178181632,39764,8,39642,BTAF;BTNF;GMIF,"{""NANR"": 1, ""NCER"": 1, ""NCGR"": 2, ""NCLR"": 2, ""NSCR"": 2}",06632ca9ea3695d78f1053066e9cc7c1b753d0f6,d0199bced007385c18361e23811f0c9a582a3174efef87a18a4121ad66cb85f8
444,a/2/0/2,178221568,109020,10,108884,BTAF;BTNF;GMIF,"{""NANR"": 1, ""NCER"": 1, ""NCGR"": 3, ""NCLR"": 3, ""NSCR"": 2}",4f116e13c6fcf77838853f493ee19f6d2babf42b,1ab3d4782134e7d8e268e3c08905f1acb7890f497e7b6c6459ae73bbb76b649f
445,a/2/0/3,178330624,11276,4,11192,BTAF;BTNF;GMIF,"{""unknown"": 4}",b80f74bb99f1e0ca019d5d16fa26d6557994c960,575245133e5d5c9c36d1b0e600154c32c97bca17aa361710b0f03c86f745efa5
446,a/2/0/4,178342400,29092,8,28976,BTAF;BTNF;GMIF,"{""BCA0"": 2, ""BMA0"": 2, ""BMD0"": 2, ""BTP0"": 2}",407fd9d81185098cbe06185f8d9dde2351ae8b86,3060c08ee2eb465ee93b1d8800b1743c525197031e22179e3ed304f6cd10f470
447,a/2/0/5,178371584,291408,40,291028,BTAF;BTNF;GMIF,"{""BCA0"": 3, ""BMA0"": 2, ""BMD0"": 3, ""BTA0"": 1, ""NANR"": 4, ""NCER"": 4, ""NCGR"": 6, ""NCLR"": 12, ""NSCR"": 3, ""unknown"": 2}",0fbe88effdda5615e92840ea5db4c9329a67f722,6103a1a3314cf406982852919ecb05eddcc7eb8c9f8c871dd4890f1f37aed171
448,a/2/0/6,178663424,20228,4,20144,BTAF;BTNF;GMIF,"{""NCGR"": 1, ""NCLR"": 1, ""NSCR"": 2}",dc57d7bd6dfb8e5146ab847de002bcbbda4505a2,dbeadbb0baa869e4f35c6be85a58acdc04aa4d64cead1c75e4781a1bc78efd27
449,a/2/0/7,178683904,58508,1,58448,BTAF;BTNF;GMIF,"{""BMD0"": 1}",d9b947d339cfb2308c5d105af13712387f5266bb,ce008b027f434a4a8469545fe70b89720affbfaf4c50d0abc554e7640a4865fc
450,a/2/0/8,178742784,1228,4,1144,BTAF;BTNF;GMIF,"{""unknown"": 4}",1a8c156e101978584f1e5696843023659c358d04,d0774312c661edd928ae5f4ba43587f6038dacf16eda3d3d432d4b75fcf9b4de
451,a/2/0/9,178744320,916,1,856,BTAF;BTNF;GMIF,"{""unknown"": 1}",4e81984b18914ef296f1287629669efdf6444426,694a6cc55300144e6fe0ad127b8e656e0d3651c48e923e6e4fbe18de4cff8def
452,a/2/1/0,178745344,11928,9,11804,BTAF;BTNF;GMIF,"{""BCA0"": 1, ""BMA0"": 2, ""BMD0"": 3, ""BTA0"": 3}",b6d5208f3f6fceaea281c19dc11ee6dde2f95492,2efd8f72afb9da348563a9125edbf4a2dfbe1524829951a0c6f3a8dc68f391cc
453,a/2/1/1,178757632,4588,1,4528,BTAF;BTNF;GMIF,"{""unknown"": 1}",ff47c5ea88a0c116df1ccd38fedc14a10d847506,a8759ee242b152db85470f95a4057e67d385ab19724631924170224c446f5ab9
454,a/2/1/2,178762240,34708,2,34638,BTAF;BTNF;GMIF,"{""unknown"": 2}",2009cf2d1f3d60e68ebd5e29b366c0295788f00d,27e899767b67c4be9295bd6c01ac3317b2709446eb9549db746211a7294e8996
455,a/2/1/3,178797056,3500,8,3379,BTAF;BTNF;GMIF,"{""LZ11"": 6, ""NCLR"": 2}",b00254cbecd916eba1a4b0873cb5b8c7439e514e,e70556666840ccc936d5b29620fd331b260911ba0311979940235443f1d06297
456,a/2/1/4,178800640,24052,1000,16000,BTAF;BTNF;GMIF,"{""LZ10"": 6, ""LZ11"": 2, ""unknown"": 992}",66dc67f3d71e9dba320229e106b1a80e204462e6,a211e9995a6ce519ca26affb266310ba3b563ebdd963efbf9937242f72840d74
457,a/2/1/5,178824704,41780,315,39020,BTAF;BTNF;GMIF,"{""LZ11"": 6, ""unknown"": 309}",9bd6fd179c67df47de315e0b1fe2186081dfb07a,e9f956afa8675ed1558fec06e73f235cb2ec0c4e47d79b7e92bbcd716dbe2587
458,a/2/1/6,178866688,1353488,52,1353014,BTAF;BTNF;GMIF,"{""NANR"": 2, ""NCER"": 2, ""NCGR"": 5, ""NCLR"": 21, ""NSCR"": 4, ""unknown"": 18}",f928ad689bcb8d8111deef109369a3a24af7a8e3,d94bfcbcbe5e6d2ae9ce7fe83c99eff973c1aea9e6ae81a8afe2b4f4118e25e1
459,a/2/1/7,180220416,9564,2,9496,BTAF;BTNF;GMIF,"{""BMD0"": 1, ""BTA0"": 1}",98cdd9dc6c03592870a34c0136926b0fc87a3331,46814dd6c65241c3587518fa8ec122f545b91c05f97c97e56e4c5ab75a80e7cb
460,a/2/1/8,180230144,9516,4,9432,BTAF;BTNF;GMIF,"{""BCA0"": 1, ""BMA0"": 1, ""BMD0"": 1, ""BTP0"": 1}",190d3c5c78773d8b5baa7e7b2b998f32bcecb175,42ab2067502ee346b9b110968f9e852292934b39c182a1f2292c8b0363c41bec
461,a/2/1/9,180239872,66120,10,65988,BTAF;BTNF;GMIF,"{""BCA0"": 2, ""BMA0"": 2, ""BMD0"": 2, ""BTA0"": 1, ""BTP0"": 3}",0151c87f2fde7421648503af6bc7e17a52362414,b6e5de3bc3676705299e5ecc1665de79f71becadb05042f8c3de1577f5a0dc18
462,a/2/2/0,180306432,531688,13,531532,BTAF;BTNF;GMIF,"{""BCA0"": 2, ""BMD0"": 2, ""BTP0"": 2, ""NCGR"": 1, ""NCLR"": 2, ""NSCR"": 2, ""unknown"": 2}",2993bc9aab8a7486b6f291adf542e1ff5f569583,b2d22088ee9a24e226b9d1ec2d77b1470b709859cb7633b720f52984334fe012
463,a/2/2/1,180838400,23788,7,23680,BTAF;BTNF;GMIF,"{""unknown"": 7}",06bc7cd6bc2c70617cc60e25c2b42794107d0e23,c35b927ebfc1e87037e049fa4a3cdf6e3c00f179f341561a0db8ac322e70ab0c
464,a/2/2/2,180862464,27956,6,27856,BTAF;BTNF;GMIF,"{""BMD0"": 6}",c86189fa5e0e9dda268f80df62405fc9b8c67cad,525c76f1a7b2a51d5db8d601e3031af60fae84a54efab241fa93aeba86351b9b
465,a/2/2/3,180890624,12472,13,12312,BTAF;BTNF;GMIF,"{""NANR"": 1, ""NCER"": 1, ""NCGR"": 2, ""NCLR"": 2, ""NSCR"": 3, ""unknown"": 4}",a35d0e7b89f5bf79d8bec12d5deb281007ae20d3,eb40cc377bbdb8eba3cae78479e5acb6f7bf4533a92625b2c6d3765045297abf
466,a/2/2/4,180903424,228,4,144,BTAF;BTNF;GMIF,"{""unknown"": 4}",91ba1f897a0bc997d5ccd85de06dba8c9a1083da,c946838ab85950c97bf783f04328eb0e520e6cc40901db50552b22f4177f68f6
467,a/2/2/5,180903936,1898452,151,1896945,BTAF;BTNF;GMIF,"{""LZ11"": 151}",8b094767bb8fd045509ee99d6eb725d002fbba02,bb8697bd51ca72492d0e72589b4e44d77825bcd87de4c4a29eb7fb32d41220b7
468,a/2/2/6,182802432,4367532,174,4365815,BTAF;BTNF;GMIF,"{""LZ11"": 174}",d84a04ff74d02c3c985c92235f547f188b162922,350d034fd5b7f1bc36f236db039c687a0a71837bb25f30585b7079d0c404dd3b
469,a/2/2/7,187170304,556,1,494,BTAF;BTNF;GMIF,"{""unknown"": 1}",51cc61ad1397a749e9941bb1f283c01361d57539,39f4dd8b93900306967f8e6d80dc7fc4d5fc7efb94d9963effb02107a9aad114
470,a/2/2/8,187171328,56140,6,56040,BTAF;BTNF;GMIF,"{""BCA0"": 2, ""BMD0"": 2, ""BTP0"": 2}",ff2a4262b06b546565bb597aa6314461028b6430,f8bf19885db90d9ae1a9592d01f075fc6f7beb96cbafadd147be82ed608af7fa
471,a/2/2/9,187227648,4451172,52,4450704,BTAF;BTNF;GMIF,"{""unknown"": 52}",e299f8d9848b2020886055b4cb92ffd7898f8576,a05c06cf33cbb66756fd57ec6b8ad29f32b59e4a7ba37e6615f02bc43008827b
472,a/2/3/0,191678976,4602664,64,4602100,BTAF;BTNF;GMIF,"{""unknown"": 64}",a61bb0f2cb33118de1938a7fd2dda09face2af03,d5ecc68b57e1467220d4fcc42a4994392d1bd95cd6b8dd2f479d3909d654afdd
473,a/2/3/1,196281856,1208900,73,1208157,BTAF;BTNF;GMIF,"{""LZ10"": 73}",1eb16bec8ababe007e531afc8b700f5ee4c77ce8,c9bc347a94455df633b97c93bc77c75c713b5d3552f52d46640a966512350b5a
474,a/2/3/2,197491200,708,1,627,BTAF;BTNF;GMIF,"{""unknown"": 1}",cd1047f9411c3990dd40fd6f0fe2eecc78d84c25,4d72d5bb971710b848c9169727a5341beffe974cb1aa90f2806b5fa096ae4c8d
475,a/2/3/3,197492224,256,2,185,BTAF;BTNF;GMIF,"{""LZ10"": 2}",e857b3b22444ad54633cb34f9ca95d2fe7284ae2,542ea87c42092d11d8718abe62768e989fcb80e3a451626d7bf503b3bb9ed5ce
476,a/2/3/4,197492736,5848,3,5772,BTAF;BTNF;GMIF,"{""NCGR"": 1, ""NCLR"": 1, ""NSCR"": 1}",6c12571d81baeaf9858e0ba85103b01ca6b6b613,7e15ab9c8024aae7b725a08a42e9b80cb33149cc6dc1651218358cf01707bc0f
