overlay_id,file_id,rom_offset,stored_size,ram_address,ram_size,bss_size,static_init_start,static_init_end,compressed_size,compressed_flag,sha1,sha256
0,0,481280,1036,0x021542C0,1056,0,0x021546C4,0x021546C8,1036,True,8c3930d7020d5af828b5f3983b05230d59a804ae,da6826c3c7e920a4715afad25f63cab7a871338d632a92ba65402e2b0788bee1
1,1,482816,1024,0x021542C0,1024,0,0x0215469C,0x021546A0,0,False,d72a578fe47c429866ce9fecf0501263b11657f4,087e26199838c8c7bd68fc1d1ac96cceb893f62f1417bbd431e7036e41c39d95
2,2,483840,448,0x021542C0,448,0,0x0215444C,0x02154450,0,False,6ae14ae97104ab1a15f006c37ef187b9f24f973f,3bc4d67c6334651cf502e8e85012be98aa16e4394bd5a3f65c2fd8d1ba06db9e
3,3,484352,284,0x021542C0,288,0,0x021543C8,0x021543CC,284,True,777186fa6e9f9e5068fc7f12a3d82ca3e97b9359,0175f3ddd837d397163024e977ca526a78be1de7efd60598953daeb6cd1b4455
4,4,484864,468,0x021542C0,480,0,0x02154488,0x0215448C,468,True,262e3b4d5ff3d872fa8507de87b834222b1a4581,1e9f0658d47dfb9e73f872bb8603300a57eb4140669bd41d50f0e1eb753303b1
5,5,485376,20,0x021542C0,32,0,0x021542C0,0x021542C4,20,True,9bb8182107f1472ba6abdcf8a360753a48ea9846,07d1d94d7d3269a1155925f01090a020e40387e8e8998fc3b4a1a3c633ca4d46
6,6,485888,2328,0x021542C0,2528,0,0x02154C30,0x02154C34,2328,True,65824454e7d360b1560a542e1760c7fe81aceaf1,b3f14fb56727210c3e58914206d4bd627c5e18f9102567f9d936dffbcd5682b7
7,7,488448,288,0x021542C0,288,0,0x021543D4,0x021543D8,0,False,349d8592a87b1e2ac66e7aa2ed1f4db747a55391,a110b1b651cd1e1059040934c86f4b8b032fe3786f96d136022a50d608197238
8,8,488960,1176,0x02154CA0,1216,0,0x02155148,0x0215514C,1176,True,261d258da60a1c59740265ee0f0b3bc347a37e96,37984b8de0958f08677fd21854d7b5a6aa8b76a7bf07cada2c7165f4e497fa3a
9,9,490496,205676,0x02155160,340224,26816,0x021A1B6C,0x021A1B70,205676,True,1edff18aba3b79a975848ef6eb792703e3b3c513,07996ffc4fae67bdcf31dfc3889543c827431c9cb0af06ce001432659680a08a
10,10,696320,93840,0x02155160,121408,32,0x021726F4,0x021726F8,93840,True,5a758e7194d5dbcc465dd33a5133991f1fb1b580,9b01497cc11e2ce249adadbd1c5826eb3ad1bea18038ea2eba0106e23058b6d8
11,11,790528,14156,0x02172BC0,17504,0,0x02176FE4,0x02176FE8,14156,True,6416f35653b5aff83dd2c75e019e3e5038655027,fa03b917fdd9295bda7d5a3cf56265a2414532d31955a279760fb4924e66de9a
12,12,804864,8600,0x02172BC0,10880,0,0x021755F8,0x021755FC,8600,True,7a6a2f4848922f4cd8f801089eb5339e86cbbcc0,1fdd31169e11200950976f214ef7a6e74663b7aa02560b55d97ddd77fbca1f0d
13,13,813568,14160,0x021AEB20,20832,9344,0x021B3C0C,0x021B3C10,14160,True,6cfd92d37a00c0163e1ae63dd8998a0c56c8d243,5105b3bfaab016e3a5965739926cd2d1c641df15ab4ddcc0693a3e015fd070a5
14,14,827904,7876,0x02177020,10112,32,0x02179684,0x02179688,7876,True,95704c94b03d4a1660f4bde4d8c99a4fb5b8a59e,32ede77fd8d29c9a77da0bd26b70bcf0f4b432a7830488b11ca6783e17044779
15,15,836096,3584,0x021797C0,4864,864,0x0217A9C8,0x0217A9CC,3584,True,a014d0196feea717067b3071f5fb07d569862f53,0233fbe66a707659c81984c81ce475b6e6a8203ccccd872700a702397a4ac80c
16,16,839680,97916,0x021B6100,155456,9920,0x021DAA88,0x021DAA8C,97916,True,a0c4a8f4f3fd948b263b6a6ec2daf2c94a973b23,7de77f2f3103903896b8d8c6f0fa07ace27059abb6169cd861799d985cd76a57
17,17,937984,816,0x021B6100,928,0,0x021B6498,0x021B649C,816,True,0d41e3d98e1edb9dd020a71caa61eee07e45f3d5,66c360bdd4fce74bb679d487b403dcbaee0b2e6f8a5d14ff592d91c4583ae5f5
18,18,939008,26948,0x0217AE20,36160,0,0x02183AC8,0x02183ACC,26948,True,5bdecf4dfa3af25ad3e962286f9c6de39ec74170,d0b0bebfb6935e65486f1ce83cb10d245b2178e3069e6705b0399b149ba1f927
19,19,966144,17220,0x0217AE20,23040,0,0x021807D4,0x021807D8,17220,True,550c93fb5b636a54e0233f65750475e469e2eee3,0124137c5f4dc877216262bd5622ec334aed521be516bd15e70a286f67dba695
20,20,983552,13564,0x02183B60,17312,0,0x02187E88,0x02187E8C,13564,True,61dea141c921ce57ae260df87ea78c164dcc1e84,2af9dc779e4326c01b10c5b4a65989c87e79caf7829acd015e7989e6fd87a8f9
21,21,997376,260628,0x02187F00,354304,65600,0x021DD9A8,0x021DD9AC,260628,True,5d1ea1915e4e644ecada59fb09ef706e4323d065,cf33e63083f9fb9cf646132ec579a7be75cc2396e3b03b90f7fd84353351ff0e
22,22,1258496,1480,0x02183B60,1664,0,0x021841B0,0x021841B4,1480,True,17127e9666a6a6151c62137a2a22a06ef329af77,bea66cfb8d99fa9f88af7039cdb1ca459c059fc25561e6f62591d4def3b26347
23,23,1260032,9504,0x021841E0,11680,0,0x02186E74,0x02186E78,9504,True,0a9d7ec7f5e779608f358029c78a0abc9208b93e,5f93d53541e4d1d7de58a613498a040b689383122cb80105004dee402518d4ad
24,24,1269760,308,0x021EE740,480,0,0x021EE8A0,0x021EE8A4,308,True,5a947e97e4fc692d1a21f9bae6e43b524a0b590e,b10f652bb04e2a1929a3974085c73cfc7e3c287eb76088d9b6e9b2e15c7dcef5
25,25,1270272,3348,0x021EE740,4864,0,0x021EF8E4,0x021EF8E8,3348,True,4a53fdb8e285008d7fd4909799b1422355119cf6,f1a93cb7791191bad2fca071c1af1a6830d44099e311865bb5faadf823a28b34
26,26,1273856,4708,0x021EE740,6016,0,0x021EFDBC,0x021EFDC0,4708,True,d9a2817bcd5b373ceefc466aea3f9e0de62d2b10,3cc40fb47fccd3f4f3172659d3ed0629dd9980514fde645c85f40982f1e605da
27,27,1278976,1032,0x021EE740,1280,0,0x021EEB88,0x021EEB8C,1032,True,59dd0aee80a5b5c6f40c270cef2c2be603f54e2e,fd9dc81cfbbcc3e14035f436629d3ebc2648752784d8297172b375e91dd1f1aa
28,28,1280512,664,0x021EE740,1408,0,0x021EEB2C,0x021EEB30,664,True,1a4b6c60a896e0fb32b901e983f97ea459924437,69c5ae28d2a66c3c2fd374ad33168def90d3af88aca196f33571971ab29c2765
29,29,1281536,11436,0x021EFEC0,13984,0,0x021F351C,0x021F3520,11436,True,f4be1c0315aba11e5754b1f7b2c4359edd367e80,b1d063350c2e95582bba835c6b4af9664a640189b366a210b4ba3c0bc25b7397
30,30,1293312,616,0x021EFEC0,800,0,0x021F01AC,0x021F01B0,616,True,9beb920871a4ec2ff94f0cefb1048892df1a9f01,2aea898906ef0759abfca589b36086291713d196009d8218428b52bd405bd695
31,31,1294336,4108,0x021EFEC0,4640,0,0x021F10B0,0x021F10B4,4108,True,d186f0f2621b6b7ca6779037b780436d0b48e722,0b99e679412e83d4bb850b063d9868d78e7955f534119c86a61e4875f02daa83
32,32,1298944,11612,0x021EFEC0,14336,0,0x021F3688,0x021F368C,11612,True,dd03658bdcee2963ac46b91a5a1aadddaad08973,b84b30ff7aa87c249679146ff000ba659ef4c931bc1569ae7a7421ad2151d392
33,33,1310720,3572,0x021EFEC0,4032,0,0x021F0E48,0x021F0E4C,3572,True,c4c9ecb047348b8538ad0e466bc5a7fe49dc0693,f1a704965b1a3574c63ffb8ef1f078f443479059eeaa300d5030b86024eb9b0f
34,34,1314304,2580,0x021EFEC0,3200,0,0x021F0B00,0x021F0B04,2580,True,a5eff8d9455f99ac980a2f4c0cd4355614c4e207,6f2284318a3fb80c26c57f28b71561c32489a723a0e6368aed556a282998ea17
35,35,1317376,1680,0x021EFEC0,2016,0,0x021F0628,0x021F062C,1680,True,b67bf1d48b97cdc25102a634235e54c004f57f8b,64a2b83f659d88cc5960b3cb86920bd1c1143ee4ef7a7d3869461127bffc52ac
36,36,1319424,1204,0x021F36C0,1536,0,0x021F3CA0,0x021F3CA4,1204,True,18ff8151e5c93824dae81c3b0b37870f3d747706,f9bf6157406fa7d0324978bc68d1f05fdd483a235396ab680c92e5ac477bd878
37,37,1320960,416,0x021F36C0,416,0,0x021F3850,0x021F3854,0,False,d6d2243b0794a269cfb709fd39a720f47eec7dd3,3d7c1291c2fbd261dbd1a61920f9a534cd661e00487e7d93a36729aae9fd2659
38,38,1321472,3456,0x021F36C0,5280,0,0x021F4B40,0x021F4B44,3456,True,ca51bce85469e08bacc3bd61430713e94415ca40,299c35e9b652feca6ad3cb364964a38fffc4f80e05ef5dbdca8b60bd7f3ed753
39,39,1325056,4856,0x021F36C0,6464,0,0x021F4FEC,0x021F4FF0,4856,True,ed595d449276f74796159f99b1358925b2b7475e,16d322f343a2328cd5c721021445c3e3f0f91775af4a1b09e36041e81ff1b4c9
40,40,1330176,540,0x021F36C0,608,0,0x021F3914,0x021F3918,540,True,5d9c847528482181262395b2e0ab6d2c1f08019e,dd03db0d2528d388199222df7fed986a4b0b7b5189ab89a091cfaefdd9bf1f88
41,41,1331200,2884,0x021F36C0,4032,0,0x021F4640,0x021F4644,2884,True,0ccd9e15ab3330a5029296f47aab768fe3b30723,24cc9dea4563f3b82239af373a34e6af3f66d8be067264dd62f0aa0b64f3d338
42,42,1334272,968,0x021F36C0,1536,0,0x021F3CB4,0x021F3CB8,968,True,0c8d879737220c307857109910eb13e5347293da,1f1d20380108006ad2689f7e5866d7ae25fda57d3f425135c29a70c49fc70fc8
43,43,1335296,3028,0x021F36C0,3840,0,0x021F45B0,0x021F45B4,3028,True,6a6d2ecf2015b0efd5c2073f248ee8fb292e25e1,2ca3c8d57facb627ce408530d5200eaba0ca97407b606e6c35d8aceb10b01984
44,44,1338368,776,0x021F36C0,896,0,0x021F3A28,0x021F3A2C,776,True,0342ce304ba85ed4ed19f7b4f540c03ea19c7d6e,bdd92c141da2f21c7a31645993acea6f85b48d0ae310af15c0592bdcbb42288f
45,45,1339392,1076,0x021F36C0,1504,0,0x021F3C94,0x021F3C98,1076,True,95dfdcb61fbc081bdc98c01c9aeaf1e8db033368,e774d17fa1ac2af91358689b555acc84743e92ca271b301910c43fd4d096b845
46,46,1340928,2588,0x021F36C0,3744,0,0x021F4550,0x021F4554,2588,True,b0672f5bf85fe4e2e9e8f204512e71486177c17b,0df6c032dc4824d76c99cde1bfc3613695c741a2ff2352da00bf2f351961dcef
47,47,1344000,392,0x021F36C0,416,0,0x021F3844,0x021F3848,392,True,539f40c8e253e1619f57ba2fce044e6f304008de,bca927a9e281a0241805514484d48c7d7f9f4e9877a021f028a2001983f0a6b0
48,48,1344512,5556,0x021F36C0,7072,0,0x021F50B0,0x021F50B4,5556,True,6d2d6c9ab2a53bc9a2eceb3c9fc34c04ade5f1e1,8fb497997314869ec190cf5482c2029e37a988ec2bcf2b4d1fdd61b091d25edc
49,49,1350144,540,0x021F36C0,864,0,0x021F3A0C,0x021F3A10,540,True,fdf571563883ac53031cf73f2d02d1512343970c,49368991aaf980e21d734efcb58c4f0020fc18238b987b0afe296818542b0023
50,50,1351168,496,0x021F36C0,640,0,0x021F3928,0x021F392C,496,True,d3619eaec693c8be9516f13ad3bd43b7e43fae45,0f3b92191853561540bc9293587cd32e0ee2ca048a20f26fe186201cf1242cb5
51,51,1351680,2012,0x021F36C0,2560,0,0x021F409C,0x021F40A0,2012,True,178d0e43481a7e809e08523b1672e9e1859f73db,2dd6b70617a792a4519a5f1b058858cc05f110d308af5f5b37894636ee263b07
52,52,1353728,864,0x021F36C0,1056,0,0x021F3AA4,0x021F3AA8,864,True,dadd3268f99d424a59cfe05b74d6f62260313e43,26585c72bd0422dd85fcde85ac415945caf1c6c2062c37e4a10c20c0edcc92bb
53,53,1354752,1496,0x021F36C0,1728,0,0x021F3D54,0x021F3D58,1496,True,a4d7f3d473489a00109954ac4be2c1c322dce00b,48d9745f85312a3612d01ec173084c5b802e1fbbb6e3d3f7b29884130245156e
54,54,1356288,680,0x021F36C0,768,0,0x021F3980,0x021F3984,680,True,d0d789288b50e9b577b0f49759efcf2960ac20d0,a31e91979c2fe96ba53c2410ff0f081a490a0b685a0cd086f9a6b013b4d5f822
55,55,1357312,2888,0x021F39C0,3232,0,0x021F4608,0x021F460C,2888,True,149d0f04f5f8fa109786e0d27e7b005163569819,c4b7a2a70e5c7e17be9090e13b0d6ec563c9a247156e6c43587115b4abf8b215
56,56,1360384,2748,0x021F36C0,3424,0,0x021F43EC,0x021F43F0,2748,True,b05ddd0ae286f6a1846c90b00c93bff08979ba3d,96b9b87230e9d7c2f29be88fa47e58932ce22c0c540c083f1c81456d45e1ac03
57,57,1363456,504,0x021F36C0,608,0,0x021F3918,0x021F391C,504,True,754fd4a4cf38383b63cdcb9ecaef223d348277f4,91d0d70232cdbb1e8148dcdfc5397e313ad049caf8a66ab8befb2530ec010ca2
58,58,1363968,824,0x021F36C0,1216,0,0x021F3B44,0x021F3B48,824,True,e86009135d0a4387e22cb6f846cdc2c41bf18ed6,40e409186eeff4bf6c5dc64b7f7c5bfd9013086b3e5f6c5efffd4a3549f9d724
59,59,1364992,1640,0x021F36C0,2528,0,0x021F4064,0x021F4068,1640,True,62e69e59fe67737d6dd2e7a17517fa3a0d48c8f4,2a4cd61f6cd1f666a3293fa48762f72c0fd2653590678b5f93383b850cb47def
60,60,1367040,880,0x021F36C0,1312,0,0x021F3BD0,0x021F3BD4,880,True,0a52d6654ebb802601d38b629cc83370f5b864f5,afb9910521488e1fb45dbdb13dd0b9b662c5278de1799868ae3058ebfacb05e0
61,61,1368064,700,0x021F36C0,928,0,0x021F3A44,0x021F3A48,700,True,6eac62f6962c0076356cd07e561b5a68af9e1eb9,0059b4cf8c4bf1ec43877f0b1a7f1619a3dd55f577cb3af7187f0a9ffc136b64
62,62,1369088,204,0x021F36C0,224,0,0x021F379C,0x021F37A0,204,True,6c4690843a490bd9416198290280d60b88906681,66683711413b3407082178247f924aad67f0333c8d8cd83d082313f427a0afe0
63,63,1369600,1504,0x021F36C0,1760,0,0x021F3D74,0x021F3D78,1504,True,f785f455a2d5d369ce444042e07358fe3ca4d7c9,4302d9420d0b69e0c9c5a4d615fa4b840b43af697d4a08d4888095c578e4481d
64,64,1371136,1208,0x021F36C0,1664,0,0x021F3D38,0x021F3D3C,1208,True,5bfa5507e7a47c227b58fbfa1aa5073a3a4797b2,e1abccd51af3a788e5ae479a4635fc3a28e8b0c1f276d9d305245489fb9dd2ad
65,65,1372672,584,0x021F36C0,704,0,0x021F397C,0x021F3980,584,True,bd1b430cd18fb19d86cc042ba576ca85639abfee,ab6209c60f3b994979e0e28945138450cdcf8ac9ec013a08d85d6d010617ca8f
66,66,1373696,20,0x02183B60,32,0,0x02183B60,0x02183B64,20,True,9bb8182107f1472ba6abdcf8a360753a48ea9846,07d1d94d7d3269a1155925f01090a020e40387e8e8998fc3b4a1a3c633ca4d46
67,67,1374208,10624,0x021B6100,13472,0,0x021B9524,0x021B9528,10624,True,b00b09cae0feaa052394285d25d9306a7260228a,631f01a8a3d54858664cf240f9573a38e7cf49c5aa87ba5c7f766b96fac80cdc
68,68,1384960,7260,0x021B95A0,8960,0,0x021BB80C,0x021BB810,7260,True,d2f25281211c36d89394f9b9855fa0f4d96045e8,da53d46ff63838adae46311331c05afcff5a4bc4a3e6d1fbe891d80e15e0526e
69,69,1392640,3892,0x021B95A0,4864,0,0x021BA840,0x021BA844,3892,True,dfb82dab25928988160ad1ff71556cfca9d57541,e43e01ce15eb5817bd4357710fddeb775ed3354794d6c7188ce6542312842a19
70,70,1396736,18140,0x021B6100,23328,0,0x021BBBA0,0x021BBBA4,18140,True,08ce7214fa13b3fe5606911297232095b05e2c63,9ccafb81656eea4c627b1d92b8150c373ed81689866ff3e4767936b638e9c978
71,71,1415168,15168,0x021B6100,19200,0,0x021BABD4,0x021BABD8,15168,True,363bf681dffde963be8abb6843418f7b05ceeeb3,28d07ac286e1c984664fb1fb25c3bafca86a891796ae7e27b1f9fb0ac32489a2
72,72,1430528,8012,0x021B95A0,10208,0,0x021BBD40,0x021BBD44,8012,True,e6b7ee0839b0dc154826cf5164c1809f67f3e42d,bc0d43f66665fda66b26208c986c25e9dd579b722552cca517f6d4e3315d5271
73,73,1438720,492,0x021F5260,640,0,0x021F54C4,0x021F54C8,492,True,d34b5b69e62b2d7f916a80a436ff17beeaaa3ad7,53545f13341d364a3e049b2e2130b4cdf76e42323b3c8e1a21aa81103cc9a6b4
74,74,1439232,240,0x021F54E0,544,0,0x021F56F8,0x021F56FC,240,True,9648719a6db6841f896bee25babe16a0a2f75b58,2582d562dd1fb7671177d7797c2fe486d3e2f471f459a4bc50428383ea8f056d
75,75,1439744,816,0x021F5260,960,0,0x021F5604,0x021F5608,816,True,2bbf118e6733864664baeab631e20e3e98b0943e,22478b64ee1c8ddd03f2b10765a80ca16cf43263a8e59269509d7aa6ad4482cb
76,76,1440768,660,0x021F5260,672,0,0x021F54F8,0x021F54FC,660,True,5a74c8a43ed6ea33c7894245ac7b666affc66d70,a16b679d3d6941d2714d9b6ae2aa03ec9e00800300559014f52cfa4bf94817ce
77,77,1441792,1116,0x021F5620,1120,0,0x021F5A64,0x021F5A68,1116,True,a6e892e42de1186e20a9e00b735746bdb8ea0180,92fb6d6439ba37846bc5900c588838fb565938cc5a9d249274f7191989db23bc
78,78,1443328,1288,0x021F5620,1504,0,0x021F5BE0,0x021F5BE4,1288,True,77b5bc32e45eec5ac5f387f9519ddce221d3135a,32f4f859329de85ef3602f1273dfc063a11124d8d6fbd0e6c1be087ad747e9f9
79,79,1444864,256,0x021F5A80,256,0,0x021F5B7C,0x021F5B80,0,False,c5784a2df936042468a3142f1a2d1d4a8ad0ca45,9b77869ce15ecdd6207a9d713f3a87800b4d98ae7716fc4ff227b4b4fd45e974
80,80,1445376,256,0x021F5A80,256,0,0x021F5B70,0x021F5B74,0,False,c8c42bcaaae3eabc4ec8bc7077ab9ce837666dc2,73b55024336dd98c0be588e9668857462e3e73f21350463ef512bb1b568a6b54
81,81,1445888,652,0x021F5A80,672,0,0x021F5D0C,0x021F5D10,652,True,968190147908ef3b684825dded985e5dac322178,895c8377cc14cd33b0c5ce929823d74b8e50bb546b6c6a73e271f111cd8d0266
82,82,1446912,1668,0x021F5260,1760,0,0x021F5914,0x021F5918,1668,True,e20073fa938efd36ff44848d3c416766b8eb653a,244bafffca02c7e11ffdd44b9332d235e6cc6b3db7b12cc63a3a01b054b35857
83,83,1448960,1224,0x021F5260,1248,0,0x021F5738,0x021F573C,1224,True,df724def06caad7225d066d01b9244bcad3fa290,bd89e3f3336983495119e239ae5e33ad4015399d0841508e80b44ead9e954a03
84,84,1450496,20,0x02183B60,32,0,0x02183B60,0x02183B64,20,True,9bb8182107f1472ba6abdcf8a360753a48ea9846,07d1d94d7d3269a1155925f01090a020e40387e8e8998fc3b4a1a3c633ca4d46
85,85,1451008,20,0x021B6100,32,0,0x021B6100,0x021B6104,20,True,9bb8182107f1472ba6abdcf8a360753a48ea9846,07d1d94d7d3269a1155925f01090a020e40387e8e8998fc3b4a1a3c633ca4d46
86,86,1451520,20,0x02183B60,32,0,0x02183B60,0x02183B64,20,True,9bb8182107f1472ba6abdcf8a360753a48ea9846,07d1d94d7d3269a1155925f01090a020e40387e8e8998fc3b4a1a3c633ca4d46
87,87,1452032,20,0x02183B60,32,0,0x02183B60,0x02183B64,20,True,9bb8182107f1472ba6abdcf8a360753a48ea9846,07d1d94d7d3269a1155925f01090a020e40387e8e8998fc3b4a1a3c633ca4d46
88,88,1452544,13748,0x021B95A0,17536,32,0x021BD9E0,0x021BD9E4,13748,True,bc61e9e09d16cc89070bd18b00cd5a1d6da5bfd9,60ce3b225501748e1f5893fd3e78b901e72407bd85f2a97c1df437daf65464d0
89,89,1466368,20,0x021BDA40,32,0,0x021BDA40,0x021BDA44,20,True,9bb8182107f1472ba6abdcf8a360753a48ea9846,07d1d94d7d3269a1155925f01090a020e40387e8e8998fc3b4a1a3c633ca4d46
90,90,1466880,316,0x021B6100,320,0,0x021B6230,0x021B6234,316,True,104c9ea9acae66b41984f23a5484fd8d24f7f48b,d82a2d538b5f161470f7c0e6c7c1c0c079df5392db37f175f691a22f7cc9633f
91,91,1467392,27504,0x021B6240,35648,32,0x021BECF0,0x021BECF4,27504,True,f9f31466aee67ad85ffce70c565960b34781713c,9139aedaac84264fb8c060dfab33a7d26f1db26caf6f105dc79ac7301037e6d5
92,92,1495040,1988,0x021B95A0,2112,0,0x021B9DA0,0x021B9DA4,1988,True,3ec9f572a23463a7c13e61207d9c95ffeaed2fb2,437dde87fe8266f28c6b2f9a794f84fe16443eefc106d5fd9a32e8035296649b
93,93,1497088,178004,0x021B6100,252448,10816,0x021F3A48,0x021F3A4C,178004,True,859324750613006dcfc00c756751ca3af9302244,a65aeb36a53db5910d2071a07cd982a6074029c08d81cbd9d7509f77b6c64c3f
94,94,1675264,64656,0x021F6560,84416,32,0x0220AC28,0x0220AC2C,64656,True,72b61b3665887d07464d93aaa6cfd307f07e2f06,133177bf5de50917a120d8b565faa1518955b1e9dbe92ece070edb401b992310
95,95,1740288,26560,0x06898020,26560,448,0x0689E54C,0x0689E550,0,False,813a7aff1926179f5fe7c6ce30bc6b62c3d99b3b,21bfbae0f09f67ea550eff723e7666b7de0656c750660790ff0816851fc340a1
96,96,1766912,7092,0x02187F00,10432,32,0x0218A788,0x0218A78C,7092,True,ac51d4733a319e18dbad202f1064ad987b5f765d,48ebe7bba88afc7c7e769f25134bd039346366eea9c5c29fe86acd7786c8d175
97,97,1774080,3696,0x021F6560,4992,0,0x021F78A8,0x021F78AC,3696,True,995e33c441d9bec70694f6b28ba793140729b63d,a20a34d3bb9f1f5e4ea24faaa101de1d056acece4eb83d147031eb9854389729
98,98,1778176,2920,0x021B6100,3456,0,0x021B6E44,0x021B6E48,2920,True,cd2b0b9b16077b17722b68db4e9ef491376614b4,2a56d91e8a75fd209dbc81f096f0c6edc645d9eb58d1c4c119d335d66a78fde6
99,99,1781248,29916,0x021B95A0,43328,0,0x021C39CC,0x021C39D0,29916,True,4462921529dcfc26379bff02db7def63ad3ef5d0,6dd06e881a1c55d5e58d0b61cc06edf599c2e86f9b585037588db4655fed5771
100,100,1811456,7028,0x021B95A0,8992,0,0x021BB7E0,0x021BB7E4,7028,True,3af1ff27e2c484bd6c108294a17158f77bac469e,9aaa23423c6dd197ccade79ec4975d7724ece2f79899c592c18c6b8ba72df65f
101,101,1818624,4296,0x021B6100,5216,0,0x021B7508,0x021B750C,4296,True,13e4be7e42c2b1f271f988d168acaa4a97fd0717,f895a4771555e1aefdcd79cf629b90874d96317f32571089f0e132c266eba8bc
102,102,1823232,4996,0x021B7560,5888,0,0x021B8C5C,0x021B8C60,4996,True,b9ac86c60925c9c204e7af5a4dc684241d8297f7,d8abb38e26682a29bafd237b250cbdfdd7348402f308a40c8d07e9270bc292c1
103,103,1828352,6588,0x021B7560,7840,0,0x021B93F0,0x021B93F4,6588,True,1532c7abb521b8be4f91024cf7b083752b24234d,a18f0304ff18c60366a46c30755a18709bb8e279f893e1d65d61a7cbfde37462
104,104,1835008,5904,0x021B7560,6976,0,0x021B9094,0x021B9098,5904,True,ec2ece271429b8f4c2a27ecc4e4aa5459559443f,3f16d5534d40046673f6dcb47373bd285a535e11d5978dc78f5ae9eca34ffea0
105,105,1841152,4568,0x021B7560,5568,0,0x021B8B08,0x021B8B0C,4568,True,dbcc6b735df2a3a015151a7fa27b0003348d5742,a0beafb0f8b5ea8a39339e1672bf3065e13bfe83779b860d7607aa0f15c11c24
106,106,1845760,7052,0x021B7560,8512,0,0x021B9664,0x021B9668,7052,True,435ca41f2ee493f2268d6f833c0650ddb3218abf,83c421a33dd47a99c93120c98ec01df410abe6ea914828a10230746e5d1fd22e
107,107,1852928,24892,0x021EE740,34656,384,0x021F6D40,0x021F6D44,24892,True,3b8418fde34754f154ec2d60a46b78e09d89b3c3,03ee9e0be49ff1a9a6fa6c1afbba2e4768449ea3c5ed8862e4f066b0eca3a013
108,108,1878016,20,0x021BB8C0,32,0,0x021BB8C0,0x021BB8C4,20,True,9bb8182107f1472ba6abdcf8a360753a48ea9846,07d1d94d7d3269a1155925f01090a020e40387e8e8998fc3b4a1a3c633ca4d46
109,109,1878528,440,0x021BB8E0,576,0,0x021BBB0C,0x021BBB10,440,True,7e1cd35ade4647460b8e1d69a63ca20792acaac5,23880e814f1bc76b0e6598c0dfcd06f628f0080f0fdb82d6d175e9cecbbf85d2
110,110,1879040,34768,0x021B95A0,42784,0,0x021C3B7C,0x021C3B80,34768,True,1dbbdddae154fb20d3672d893010b60f6e2f3a0c,1e6b8899e6c611825f090aee81ab64f4de47df06712b7d8f05f5ac5f7fdb7483
111,111,1913856,16052,0x021C3CC0,20928,32,0x021C8E00,0x021C8E04,16052,True,da4361ec5a312f748fd8533723a65fd34dc1257e,36eaee7095e13a7381de15b26dac8badb022ff3094040b25d306b32dc428298b
112,112,1930240,16640,0x021F36C0,19904,0,0x021F8340,0x021F8344,16640,True,2e8759297e8489268c750cd2a5fa13afa1bd3c9f,deffcaf4af01f80d6cf51b7bab430a03f3b76d38473a0e0d0331814bd52e9e88
113,113,1947136,20,0x021B6100,32,0,0x021B6100,0x021B6104,20,True,9bb8182107f1472ba6abdcf8a360753a48ea9846,07d1d94d7d3269a1155925f01090a020e40387e8e8998fc3b4a1a3c633ca4d46
114,114,1947648,54284,0x021B95A0,91072,18656,0x021CE268,0x021CE26C,54284,True,305b4c171be4c0d4c48731cb205e1beebf4da81e,b4fe0826e1e4f09d50c3769c1b94b614951dbf21a2059c4a6d7b0d3911610634
115,115,2002432,6508,0x021D4240,9216,32,0x021D6558,0x021D655C,6508,True,292ba614cd171380d58c8ae863e167c0d77b3d42,d307f5805d6f9391e102f8561003c53021889b9c5a8903baa7ee00e2058aae71
116,116,2009088,6652,0x021D6660,8032,0,0x021D8550,0x021D8554,6652,True,35e15145e1da040ff446323d7fe9f232b121d465,61c171376dea5d1bc434938c573bc6d281282be3fe4aeb09706565778afcb41a
117,117,2015744,3536,0x021D4240,5056,256,0x021D5210,0x021D5214,3536,True,941e8e21a9127403c3619a26696bfc90b1ebd318,a30b1a3abf4479eac90412d0829abc780f682f65511104e58b878cfd8cbe0080
118,118,2019328,11372,0x021D4240,17504,736,0x021D7CFC,0x021D7D00,11372,True,d4fa1f2ea35e3e9a43e129a15bdf3be01d99d80d,d918438b524af4407ea8d7797148819458c5208d0b03071d5329f184cef95466
119,119,2031104,50968,0x021D8980,64480,49184,0x021E7FC4,0x021E7FC8,50968,True,9e6d22350f321133e3a9f5b6fd28d83d3d76f0dc,779f5e15d8fe168b939998379159544ec8c95325e5df70a81eb80308db128134
120,120,2082304,14564,0x021D4240,18880,0,0x021D8B28,0x021D8B2C,14564,True,471ffb9950459210884cc397cbfc9885dc4b8c01,b7aa1661e3ff8c0648560400a840dbe44e0081bfea6be5372c60d892191c24f8
121,121,2097152,30928,0x021D6660,38304,32,0x021DFB68,0x021DFB6C,30928,True,12a37eeace2b97956c86bcc07e27f5bfb0818f37,d21dbefdb0ed76c16b91e2986dcd6428e8efcb60e4742feb114b8ae1c2471c21
122,122,2128384,4864,0x021D4240,5952,0,0x021D5820,0x021D5824,4864,True,e01ee37326fafdd77779552c9b2c7ed2d1de45b5,320f4f81c6ec9ab02251f20bab29c8292d39993c70f68cdcb288bfc667845d4a
123,123,2133504,20916,0x021D4240,27104,32,0x021DA9B4,0x021DA9B8,20916,True,917bba4d42c86d87c1571f35f8403791beb700a1,4f5d465778df17d5b56ee6725917d1ea1ed9ad9ed2aece1e6702998d573e79db
124,124,2154496,2440,0x021D4240,2848,0,0x021D4D24,0x021D4D28,2440,True,7838733d141044255817f7809b34e6666d180bf2,9ea5695fce7d018fc550c4e136f9e724e96358c57d54c47bba6818dc62d347e4
125,125,2157056,7716,0x021D6660,10208,9376,0x021D8CF0,0x021D8CF4,7716,True,69dd647bf0be087079f7d1715d3b849fa9e2d640,0f47a1327369960e5374991bee3d7586ae52e919bfd6b7cf6bfb8fb63cb7620b
126,126,2165248,20,0x021EE920,32,0,0x021EE920,0x021EE924,20,True,9bb8182107f1472ba6abdcf8a360753a48ea9846,07d1d94d7d3269a1155925f01090a020e40387e8e8998fc3b4a1a3c633ca4d46
127,127,2165760,6644,0x021C3EE0,8864,0,0x021C60E4,0x021C60E8,6644,True,840ef0b53f83983878618ad723975ca3779c5ac1,f87df6e0b4fa9c5ac7ce118c091e99ebcd307f0b08c2888a1e7e5f1e98439e86
128,128,2172416,14864,0x021C6180,18080,0,0x021CA7B8,0x021CA7BC,14864,True,733a86564f9ead88a8036b6869fead0cb8eec0c4,696a5da8adc8b369fda68436b17a7046a42c08045474fc308383d42391791a38
129,129,2187776,7248,0x021D85C0,8896,0,0x021DA7F8,0x021DA7FC,7248,True,6cc1c4c991b9a6c1898ef214629ad1e81a2fb868,aed159872092bd51816099dc6a4e436925e5745b84617ff60c2eb6a95b53c708
130,130,2195456,20,0x021B6100,32,0,0x021B6100,0x021B6104,20,True,9bb8182107f1472ba6abdcf8a360753a48ea9846,07d1d94d7d3269a1155925f01090a020e40387e8e8998fc3b4a1a3c633ca4d46
131,131,2195968,26364,0x021D4240,34336,0,0x021DC7F8,0x021DC7FC,26364,True,58c6d3d608e9abe970b3a167b6421de0db34f08a,42cedde1d92cce8e53a3b2bc2efbeb863bad3663f9ece49432aa22b0381f48f7
132,132,2222592,18388,0x021F8480,23040,32,0x021FDC80,0x021FDC84,18388,True,480dd6acee944b5f71d77a7fe5e3556f8c6d0a41,d8ccbaa862b7b98e3db4a8ccb10e9e05c6072cdbd350efdf2172061f994eecb9
133,133,2241024,14796,0x021B6100,17728,0,0x021BA5E0,0x021BA5E4,14796,True,1225d07f6aff61b13b3a59e7597a526aad72713a,3d84adc52c9a145152025e78f500558de006ea77eca2b0f56418e217410c96c3
134,134,2255872,1100,0x021DC860,1120,0,0x021DCCB0,0x021DCCB4,1100,True,91a7cc91f60f5834aca3f812c567b472eec19be7,5103e3a58bdc3f8d3abf4bb8f0d293ade21c7616326827f06fe1a406b89bee8e
135,135,2257408,47780,0x021F4580,64000,32,0x02203A74,0x02203A78,47780,True,09f87c418e6f7ff1a3ad98c4b980ee76b21ecba1,bca08ad084b5036e6533cec45f1caa3b0ec3e4b7c2c6853d402cc18509d12e3e
136,136,2305536,13244,0x021C3CC0,16992,0,0x021C7EC4,0x021C7EC8,13244,True,bfda7cb2258e399fe0335e346e794bb9b7932a5d,e02f7f175df79f798b3ae78eb3cf761d2c831eb0f7c73230c7597533d2cfe854
137,137,2318848,18324,0x021DC860,23168,0,0x021E2250,0x021E2254,18324,True,adea023446ae3740457292fe815014bf1b88b1af,7a2fa46d210e4fa8738811fe38ae20631e827c66bbd2fb1f2967df33e7c3e0ee
138,138,2337280,20,0x02183B60,32,0,0x02183B60,0x02183B64,20,True,9bb8182107f1472ba6abdcf8a360753a48ea9846,07d1d94d7d3269a1155925f01090a020e40387e8e8998fc3b4a1a3c633ca4d46
139,139,2337792,20,0x02400020,32,0,0x02400020,0x02400024,20,True,9bb8182107f1472ba6abdcf8a360753a48ea9846,07d1d94d7d3269a1155925f01090a020e40387e8e8998fc3b4a1a3c633ca4d46
140,140,2338304,20,0x02400040,32,0,0x02400040,0x02400044,20,True,9bb8182107f1472ba6abdcf8a360753a48ea9846,07d1d94d7d3269a1155925f01090a020e40387e8e8998fc3b4a1a3c633ca4d46
141,141,2338816,20,0x02400040,32,0,0x02400040,0x02400044,20,True,9bb8182107f1472ba6abdcf8a360753a48ea9846,07d1d94d7d3269a1155925f01090a020e40387e8e8998fc3b4a1a3c633ca4d46
142,142,2339328,20,0x02400040,32,0,0x02400040,0x02400044,20,True,9bb8182107f1472ba6abdcf8a360753a48ea9846,07d1d94d7d3269a1155925f01090a020e40387e8e8998fc3b4a1a3c633ca4d46
143,143,2339840,20,0x021F5260,32,0,0x021F5260,0x021F5264,20,True,9bb8182107f1472ba6abdcf8a360753a48ea9846,07d1d94d7d3269a1155925f01090a020e40387e8e8998fc3b4a1a3c633ca4d46
144,144,2340352,20,0x021F5260,32,0,0x021F5260,0x021F5264,20,True,9bb8182107f1472ba6abdcf8a360753a48ea9846,07d1d94d7d3269a1155925f01090a020e40387e8e8998fc3b4a1a3c633ca4d46
145,145,2340864,20,0x021F5260,32,0,0x021F5260,0x021F5264,20,True,9bb8182107f1472ba6abdcf8a360753a48ea9846,07d1d94d7d3269a1155925f01090a020e40387e8e8998fc3b4a1a3c633ca4d46
146,146,2341376,20,0x021F5260,32,0,0x021F5260,0x021F5264,20,True,9bb8182107f1472ba6abdcf8a360753a48ea9846,07d1d94d7d3269a1155925f01090a020e40387e8e8998fc3b4a1a3c633ca4d46
147,147,2341888,20,0x021F5260,32,0,0x021F5260,0x021F5264,20,True,9bb8182107f1472ba6abdcf8a360753a48ea9846,07d1d94d7d3269a1155925f01090a020e40387e8e8998fc3b4a1a3c633ca4d46
148,148,2342400,20,0x021F5260,32,0,0x021F5260,0x021F5264,20,True,9bb8182107f1472ba6abdcf8a360753a48ea9846,07d1d94d7d3269a1155925f01090a020e40387e8e8998fc3b4a1a3c633ca4d46
149,149,2342912,20,0x021F5260,32,0,0x021F5260,0x021F5264,20,True,9bb8182107f1472ba6abdcf8a360753a48ea9846,07d1d94d7d3269a1155925f01090a020e40387e8e8998fc3b4a1a3c633ca4d46
150,150,2343424,20,0x021F5260,32,0,0x021F5260,0x021F5264,20,True,9bb8182107f1472ba6abdcf8a360753a48ea9846,07d1d94d7d3269a1155925f01090a020e40387e8e8998fc3b4a1a3c633ca4d46
151,151,2343936,20,0x021F5260,32,0,0x021F5260,0x021F5264,20,True,9bb8182107f1472ba6abdcf8a360753a48ea9846,07d1d94d7d3269a1155925f01090a020e40387e8e8998fc3b4a1a3c633ca4d46
152,152,2344448,20,0x021F5260,32,0,0x021F5260,0x021F5264,20,True,9bb8182107f1472ba6abdcf8a360753a48ea9846,07d1d94d7d3269a1155925f01090a020e40387e8e8998fc3b4a1a3c633ca4d46
153,153,2344960,20,0x021F5260,32,0,0x021F5260,0x021F5264,20,True,9bb8182107f1472ba6abdcf8a360753a48ea9846,07d1d94d7d3269a1155925f01090a020e40387e8e8998fc3b4a1a3c633ca4d46
154,154,2345472,20,0x021F5260,32,0,0x021F5260,0x021F5264,20,True,9bb8182107f1472ba6abdcf8a360753a48ea9846,07d1d94d7d3269a1155925f01090a020e40387e8e8998fc3b4a1a3c633ca4d46
155,155,2345984,20,0x021F5260,32,0,0x021F5260,0x021F5264,20,True,9bb8182107f1472ba6abdcf8a360753a48ea9846,07d1d94d7d3269a1155925f01090a020e40387e8e8998fc3b4a1a3c633ca4d46
156,156,2346496,20,0x021F5260,32,0,0x021F5260,0x021F5264,20,True,9bb8182107f1472ba6abdcf8a360753a48ea9846,07d1d94d7d3269a1155925f01090a020e40387e8e8998fc3b4a1a3c633ca4d46
157,157,2347008,20,0x021F5260,32,0,0x021F5260,0x021F5264,20,True,9bb8182107f1472ba6abdcf8a360753a48ea9846,07d1d94d7d3269a1155925f01090a020e40387e8e8998fc3b4a1a3c633ca4d46
158,158,2347520,20,0x021F5260,32,0,0x021F5260,0x021F5264,20,True,9bb8182107f1472ba6abdcf8a360753a48ea9846,07d1d94d7d3269a1155925f01090a020e40387e8e8998fc3b4a1a3c633ca4d46
159,159,2348032,20,0x021F5260,32,0,0x021F5260,0x021F5264,20,True,9bb8182107f1472ba6abdcf8a360753a48ea9846,07d1d94d7d3269a1155925f01090a020e40387e8e8998fc3b4a1a3c633ca4d46
160,160,2348544,20,0x021F5260,32,0,0x021F5260,0x021F5264,20,True,9bb8182107f1472ba6abdcf8a360753a48ea9846,07d1d94d7d3269a1155925f01090a020e40387e8e8998fc3b4a1a3c633ca4d46
161,161,2349056,20,0x021F5260,32,0,0x021F5260,0x021F5264,20,True,9bb8182107f1472ba6abdcf8a360753a48ea9846,07d1d94d7d3269a1155925f01090a020e40387e8e8998fc3b4a1a3c633ca4d46
162,162,2349568,20,0x021F5260,32,0,0x021F5260,0x021F5264,20,True,9bb8182107f1472ba6abdcf8a360753a48ea9846,07d1d94d7d3269a1155925f01090a020e40387e8e8998fc3b4a1a3c633ca4d46
163,163,2350080,20,0x021F5260,32,0,0x021F5260,0x021F5264,20,True,9bb8182107f1472ba6abdcf8a360753a48ea9846,07d1d94d7d3269a1155925f01090a020e40387e8e8998fc3b4a1a3c633ca4d46
164,164,2350592,20,0x021F5260,32,0,0x021F5260,0x021F5264,20,True,9bb8182107f1472ba6abdcf8a360753a48ea9846,07d1d94d7d3269a1155925f01090a020e40387e8e8998fc3b4a1a3c633ca4d46
165,165,2351104,20,0x021F5260,32,0,0x021F5260,0x021F5264,20,True,9bb8182107f1472ba6abdcf8a360753a48ea9846,07d1d94d7d3269a1155925f01090a020e40387e8e8998fc3b4a1a3c633ca4d46
166,166,2351616,20,0x021F5260,32,0,0x021F5260,0x021F5264,20,True,9bb8182107f1472ba6abdcf8a360753a48ea9846,07d1d94d7d3269a1155925f01090a020e40387e8e8998fc3b4a1a3c633ca4d46
167,167,2352128,20,0x021F5260,32,0,0x021F5260,0x021F5264,20,True,9bb8182107f1472ba6abdcf8a360753a48ea9846,07d1d94d7d3269a1155925f01090a020e40387e8e8998fc3b4a1a3c633ca4d46
168,168,2352640,3176,0x02183B60,3808,32,0x02184A18,0x02184A1C,3176,True,41aff5eef7688907882d109b5538b303b5b49aea,a0671f1736e79da9eadf7c692cc6d91525e1cf77d6d8de586f0c07aa87c9be66
169,169,2356224,20,0x021B95A0,32,0,0x021B95A0,0x021B95A4,20,True,9bb8182107f1472ba6abdcf8a360753a48ea9846,07d1d94d7d3269a1155925f01090a020e40387e8e8998fc3b4a1a3c633ca4d46
170,170,2356736,57940,0x021DC860,84960,0,0x021F13FC,0x021F1400,57940,True,b5d9c31b6581aabeee72a6778b0ed8f6594e21da,d125e1f8ef54b311853fae9faa24a04fd8ea25e0153aa216df133bf29bb5c0c9
171,171,2415104,7472,0x021DC860,9440,0,0x021DED38,0x021DED3C,7472,True,b8acab2298050def1911a4fd25464e32e8f82eb2,b024c7a5ba51c2d6443f9fe12a8d069abb62e236487eb83105955eee09cab564
172,172,2422784,51828,0x021B6100,75744,15456,0x021C71A8,0x021C71AC,51828,True,3c4e98ee7525ac6f4ebe37f81bd6dc1da203628a,5483429d6fb2ca4a0b412b1999303b180c7bc836717d95450528fb0dc58a693f
173,173,2475008,7604,0x021B6100,10080,0,0x021B8848,0x021B884C,7604,True,f94032a1b7dce351af9e2ef3cbdbf86d6d14f05a,d54f41d74df2c8e5e905b06ecaa9f47802f4343d341f7e3ab800506d489e47bf
174,174,2482688,4300,0x021B6100,5088,0,0x021B7498,0x021B749C,4300,True,b08fad3ee303ca01f1a6ada9a1561bdee29cd845,6c3ee7246d40cdf5da947037a728da2928469abf1fe758dbc2c51cda6fdbf3b3
175,175,2487296,43364,0x021D4240,67904,2240,0x021E2DCC,0x021E2DD0,43364,True,84f05cabc1b66808ee81825648244176911a75f0,7cd924b731e80e990b31cfefbd150dd7c7d7517b9c78a025c01ae37f048a36f7
176,176,2530816,9960,0x0217AE20,14400,0,0x0217E5D4,0x0217E5D8,9960,True,a22908643eed770b325aea7975d2e767a900bc59,b614c0416d79ec0d8bf3c0dbb95542427803f7f0057dc952282745717b44f57f
177,177,2541056,11076,0x021E5440,14784,0,0x021E8D9C,0x021E8DA0,11076,True,82d8711fca704721f05b07dee337847e47fa862d,212c99081586636b559b9f86c7d414177ebab042bec068d65f204f03e00d40a0
178,178,2552320,1636,0x021E5440,1824,0,0x021E5B48,0x021E5B4C,1636,True,e6a184392e7bd2b5cb6ea03a61f914328db17628,12c643da0f528a854e66f767ddc421073b861b2dedc0869b0a47ff0b032888fe
179,179,2554368,1980,0x021B6100,2592,0,0x021B6AE4,0x021B6AE8,1980,True,97cea2ef7a8c2e1b78f492fd89154bf30e8c3615,5624b04095c98f25aea713fe695c65cfeae07c345577b601f2f3615b8a97f7d2
180,180,2556416,6980,0x021B6100,8736,0,0x021B8318,0x021B831C,6980,True,d7271be15b6d3077d5b4d969a2baba8b70e9d251,4b59c54946e40425f204fcdd12979a9802648d52ac7765b123a6da7f0be63f2b
181,181,2563584,5176,0x021B95A0,6144,0,0x021BAD8C,0x021BAD90,5176,True,6cb37f0ffdf9dbab6b752fa2ffac54ef4d40a51a,4c48c0e9b563fb7b677a9a956044b871831088354968eec8f18d0b6807b713f1
182,182,2569216,1628,0x021B95A0,1888,0,0x021B9CD0,0x021B9CD4,1628,True,c23d6d7ef577d4b12de66cd4db172db79aa4d959,e7bbbaff217eea31e1e1bb063bbefad24c69c1b62770bdd259f3a04e60bedc43
183,183,2571264,25708,0x021DB2E0,34528,0,0x021E3944,0x021E3948,25708,True,6e963b5671bd13062d5f1df712ac29b20effb4d6,082bfac1da9ba276b69d5021b886264307e42d8dea1de77b6d64819634190a1b
184,184,2597376,1280,0x021F8480,1440,0,0x021F8A10,0x021F8A14,1280,True,9d5e21cbe1138e7560ca62817ce9b0bb26517798,c25837a9e67621f1e48746f1c5556baab430e5ec091e72bc54414ddad96e6092
185,185,2598912,2272,0x021F8480,3136,0,0x021F9094,0x021F9098,2272,True,5c2eb9bf6427f1c9fc95a62b7e7b28c8b5edd77d,c07a151978635cd53a5d5bacc4d128c8e3b47b7c3507cec04721e637e62aee17
186,186,2601472,23632,0x021F90C0,32000,0,0x02200CF8,0x02200CFC,23632,True,60c5f322632e6808457d6ab4d03def4b00521603,1c201ceca1ee1b5414cc8a7a89dd5ebc6d5c74a10731452b5a300ffca5101252
187,187,2625536,928,0x0220AF40,960,0,0x0220B2C0,0x0220B2C4,928,True,f3114c23a4d3ece711a2de9fe2875156ed5f2ec6,611e9c1b68a9b50e329db90e58db5a5ac5fa19898d15292e3d9e160b8a8569db
188,188,2626560,2220,0x021EE920,2656,0,0x021EF348,0x021EF34C,2220,True,7072bd8b908e7f0940025f30f2842e7ec2eb6b1c,757e624b15daad4a6b78860df2aafc43525e69fb50effd0b783860e3547c0394
189,189,2629120,20,0x0217AE20,32,0,0x0217AE20,0x0217AE24,20,True,9bb8182107f1472ba6abdcf8a360753a48ea9846,07d1d94d7d3269a1155925f01090a020e40387e8e8998fc3b4a1a3c633ca4d46
190,190,2629632,20,0x02183B60,32,0,0x02183B60,0x02183B64,20,True,9bb8182107f1472ba6abdcf8a360753a48ea9846,07d1d94d7d3269a1155925f01090a020e40387e8e8998fc3b4a1a3c633ca4d46
191,191,2630144,20,0x02183B60,32,0,0x02183B60,0x02183B64,20,True,9bb8182107f1472ba6abdcf8a360753a48ea9846,07d1d94d7d3269a1155925f01090a020e40387e8e8998fc3b4a1a3c633ca4d46
192,192,2630656,20,0x02183B60,32,0,0x02183B60,0x02183B64,20,True,9bb8182107f1472ba6abdcf8a360753a48ea9846,07d1d94d7d3269a1155925f01090a020e40387e8e8998fc3b4a1a3c633ca4d46
193,193,2631168,20,0x021EE740,32,0,0x021EE740,0x021EE744,20,True,9bb8182107f1472ba6abdcf8a360753a48ea9846,07d1d94d7d3269a1155925f01090a020e40387e8e8998fc3b4a1a3c633ca4d46
194,194,2631680,13868,0x021F1440,17312,0,0x021F5760,0x021F5764,13868,True,2ce396238f6c54087cf07a4d82c4d385ec815337,bdd61ff3a72a4b3f12f069c1802a07500c3e9463674432b02fb6c10e9586a3ad
195,195,2646016,16412,0x02203FA0,20480,0,0x02208F3C,0x02208F40,16412,True,835e7892c981a887cc464f70d19a3f3dc9c7e81f,e3778af8cd62a8048c4ccf8d13af1e35970d3010394cd4837f32ed57587858a2
196,196,2662912,436,0x0220AF40,480,0,0x0220B0F4,0x0220B0F8,436,True,e6bf0d85ad956084107c2556d6f7babef5664fcd,2dbf550a41c126ea3666b7f582624b0ee6e748b2dc62d88e26892e390eae5fac
197,197,2663424,9212,0x0220B120,12256,0,0x0220E0C8,0x0220E0CC,9212,True,032b8cbe75eaffb3bf8dd2bd0845d69025cc3d81,d639b498c94b1c2aaf79b6a69abdddc9756efba51cd3fdfd45b6324c7485ba1e
198,198,2672640,20424,0x0220B120,29760,0,0x02212520,0x02212524,20424,True,e43d472a8f1db13a5e6625a4357d6f39063e991a,b9be88b35797402c4c0758e982ddebf5e60b9373dc1b2d1c64d34654d4395a33
199,199,2693120,5164,0x02212560,6080,0,0x02213CF4,0x02213CF8,5164,True,1fe13aa6027f4d216818517009af79937c88fc47,dfbb5c97dff47c5ba9dd3e77379d8ec62f2e2227a5c52f9e215d2c0f20e6b536
200,200,2698752,20,0x021F57E0,32,0,0x021F57E0,0x021F57E4,20,True,9bb8182107f1472ba6abdcf8a360753a48ea9846,07d1d94d7d3269a1155925f01090a020e40387e8e8998fc3b4a1a3c633ca4d46
201,201,2699264,20,0x021B96A0,32,0,0x021B96A0,0x021B96A4,20,True,9bb8182107f1472ba6abdcf8a360753a48ea9846,07d1d94d7d3269a1155925f01090a020e40387e8e8998fc3b4a1a3c633ca4d46
202,202,2699776,20,0x02183B60,32,0,0x02183B60,0x02183B64,20,True,9bb8182107f1472ba6abdcf8a360753a48ea9846,07d1d94d7d3269a1155925f01090a020e40387e8e8998fc3b4a1a3c633ca4d46
203,203,2700288,12280,0x021BDA40,25408,0,0x021C3CA8,0x021C3CAC,12280,True,7ee1019546c8b194a5ec192d21399cc77cc9c81c,c374cad80d5b1465ae2ac109ff70afa46340e92dee85b827c3fdf495e83cd35a
204,204,2712576,8376,0x021BDA40,12576,0,0x021C09A8,0x021C09AC,8376,True,ea842351bb4ec9a0d3b0cb1be402aa047c6e764f,58049b5e76a5e907e604c06d197ae68720e22dfc5f38b54651c73296577f1747
205,205,2721280,2152,0x021B95A0,2464,0,0x021B9F2C,0x021B9F30,2152,True,6afa722cdc56469b2663d57021b159ad5a90be28,95ca8a87ed1d35147f37d06dbaf01c8018899d706a52322f3d87dc89d808ebda
206,206,2723840,7488,0x021B9DE0,9312,0,0x021BC20C,0x021BC210,7488,True,d4c738ddb2145fa5a99513455cd521ea2954e08c,6d99e4c8a25a91344129b9e70a95424c5a13908bea9e44253708dad046d0e9e5
207,207,2731520,2900,0x0220AF40,3360,0,0x0220BC10,0x0220BC14,2900,True,724744753b5e102576bfbe3d6b5285f7c6464711,2ab2178264e1f7cef646e6eb118c1bcfba077ebfbd3d4539185f02d1d1bdb39d
208,208,2734592,39620,0x021BC240,52288,0,0x021C8D7C,0x021C8D80,39620,True,210d49c2ce75d0447ed717caeeb62f40e47999d3,0651720e51361b6ef337b2a75004f3566d91a1be9bc7c48186bea88700a52091
209,209,2774528,8196,0x021BC240,10464,0,0x021BEB18,0x021BEB1C,8196,True,dccfb3ccef282761cfa7fdae8f2071d6c0a6f76b,68a0b4947756ff3e3ac05af43a723927b16a2f492b2f0ec94cd137d88f04b27f
210,210,2783232,12908,0x021BC240,19552,0,0x021C0E68,0x021C0E6C,12908,True,87e46cd603be86ce77d76f28efc16c2c5bb5ce5e,4647348b37d4c6316b5de0a9785d6fbd22db052b17776401cb0f1d8a9287f32f
211,211,2796544,1536,0x021BC240,1952,0,0x021BC9C0,0x021BC9C4,1536,True,ab4f7f089c77230b8358a69123a5ad08d7cb9b0d,4385defa4813f6b064aa3e45e6553bb08655eff9f70885257b26145eae2b7959
212,212,2798080,2688,0x021C8E80,2880,0,0x021C9980,0x021C9984,2688,True,99e584909384f959995b5bb163a119b160a21809,f3325128822b175d1d76261e5e7749f918061a82a5d0ba93327bd63b15817685
213,213,2801152,5836,0x021B95A0,7616,32,0x021BB300,0x021BB304,5836,True,0d5d6e0f4e5ed5e57a066846e3f39daaad956a7f,b864fbe6b4884eefc495b6e8b4c7ef8ad7dffcd25fca0fbf5a4d62915dc75415
214,214,2807296,6892,0x021B95A0,8416,0,0x021BB63C,0x021BB640,6892,True,8138d679481bc3b88f46643a21b15d94b34d3423,21c2c9a93a3afdc68dc7fd19045c5c0be287d5fa9982c8a22b411df2053208f3
215,215,2814464,5844,0x021F57E0,7232,0,0x021F73C0,0x021F73C4,5844,True,4b90c0931df1fee0d1baa87164760bb74533c3a5,6bfc2a413fdfc2eec62c7b0904149e8dc870d438c0574e62051d93e436ed601f
216,216,2820608,6852,0x021BBD80,8288,0,0x021BDDB4,0x021BDDB8,6852,True,2b06b316f80a6754fc6ce09fb62b4354f0001df3,240a176383bbf759586e480d903f7de37c7f7df1451140fefa6a12ba4910bd83
217,217,2827776,30552,0x021B95A0,43776,0,0x021C3FCC,0x021C3FD0,30552,True,02c6ad8f0d4948c3f1c94a6c7b25a8d1c0c9c901,4a8a4bfc8b234abab83e955701b05853088934f7c0c52e326504cf48539370b6
218,218,2858496,5712,0x021B95A0,6944,0,0x021BB05C,0x021BB060,5712,True,d1fa201970f4fcdd481856e183724d027d06b226,4f13fab580e412b1ac76560bd99dad5f9cdf858fbec79f94e8070265d22b56a4
219,219,2864640,8160,0x02183B60,9792,0,0x02186184,0x02186188,8160,True,3a9e6f02fe77eaec9f083a672439b31a1a9b363b,b1f8fd36b36016ae5eda224745f090ec6a571360821df2ffabd16515dd0cab74
220,220,2872832,3340,0x021B95A0,3968,0,0x021BA4DC,0x021BA4E0,3340,True,83fdc2202a13e860c2964b01496eebca8f0fccff,e4a36e8ffd9ab96e4e2f34320c3eabab0a6e8335cc95179b1efc6af8e3d1a4b1
221,221,2876416,2924,0x021B95A0,3456,0,0x021BA2A8,0x021BA2AC,2924,True,8ab1de28a8713a7e153cf5b35879fd02fff03743,43fcd13d1478111ba0f8de8d388e82386c4dc007f8ced425df3fc95529c5ffc6
222,222,2879488,3084,0x021B95A0,3616,0,0x021BA354,0x021BA358,3084,True,61c0154e689e98177dcd110d5304bcf0832cbb87,691309427c70070513ef62e8de61addcab72b998f02f9eea397fd63fbfae269c
223,223,2883072,10976,0x021B95A0,13696,0,0x021BCAE4,0x021BCAE8,10976,True,2164f0ba2cb9be9d92a9ae2e8689bf689eb687ab,8de3746c452b2733163e0b6d5efe97dde891cc1a89b7a63788f8778f1638e396
224,224,2894336,1704,0x021B95A0,2016,0,0x021B9D28,0x021B9D2C,1704,True,9d73e9db6e02336e954ab76be4ae6acf49f8e6e5,1b7f5548dcb55c3bcccc38366f9220661b08413fb881faadc50552279b9acbb7
225,225,2896384,8496,0x021B95A0,10976,0,0x021BBFC4,0x021BBFC8,8496,True,d5a71cca754c66a5a59a28c3a15e342d973aa872,fc7847f504cf4b04ca95df3a8a70bee3498f11bfa355be151bebe1f6445604ee
226,226,2905088,20,0x0220BC60,32,0,0x0220BC60,0x0220BC64,20,True,9bb8182107f1472ba6abdcf8a360753a48ea9846,07d1d94d7d3269a1155925f01090a020e40387e8e8998fc3b4a1a3c633ca4d46
227,227,2905600,828,0x021B95A0,832,0,0x021B98B0,0x021B98B4,828,True,34a6ce9c33c5cdc209ff1cff6a320fdba8c241cb,cf8a5f5b17d3267865f8dc2f702f2f63376485f2854f4fedd87e0dd981fe0b34
228,228,2906624,864,0x021DFC20,864,0,0x021DFF5C,0x021DFF60,0,False,78a0e07ab7269e694d296374ca3b888ed0214b25,e3771d0c901465e1e7d3f5015f6837fe77b544bda9b925eaf0fbd16314000aef
229,229,2907648,20,0x02183B60,32,0,0x02183B60,0x02183B64,20,True,9bb8182107f1472ba6abdcf8a360753a48ea9846,07d1d94d7d3269a1155925f01090a020e40387e8e8998fc3b4a1a3c633ca4d46
230,230,2908160,4608,0x02187F00,6816,32,0x02189974,0x0218998C,4608,True,a6dd92beee2df90ab0a16700189a8faee92608b8,b90e6ba08a9a4bfa1f905406dd18e35184bf1c82038d4b12e7d81c8a93af0e54
231,231,2912768,400,0x02180820,512,224,0x021809F0,0x021809F4,400,True,876f7ca17ea66f1bbfc3be984381bf8421431a27,761b17de15b7539ad72f80e07c1128e2530cb4fb34db15cb94a6124562958df5
232,232,2913280,20,0x02212560,32,0,0x02212560,0x02212564,20,True,9bb8182107f1472ba6abdcf8a360753a48ea9846,07d1d94d7d3269a1155925f01090a020e40387e8e8998fc3b4a1a3c633ca4d46
233,233,2913792,20,0x02212560,32,0,0x02212560,0x02212564,20,True,9bb8182107f1472ba6abdcf8a360753a48ea9846,07d1d94d7d3269a1155925f01090a020e40387e8e8998fc3b4a1a3c633ca4d46
234,234,2914304,20,0x02212560,32,0,0x02212560,0x02212564,20,True,9bb8182107f1472ba6abdcf8a360753a48ea9846,07d1d94d7d3269a1155925f01090a020e40387e8e8998fc3b4a1a3c633ca4d46
235,235,2914816,20,0x02212560,32,0,0x02212560,0x02212564,20,True,9bb8182107f1472ba6abdcf8a360753a48ea9846,07d1d94d7d3269a1155925f01090a020e40387e8e8998fc3b4a1a3c633ca4d46
236,236,2915328,20,0x02212560,32,0,0x02212560,0x02212564,20,True,9bb8182107f1472ba6abdcf8a360753a48ea9846,07d1d94d7d3269a1155925f01090a020e40387e8e8998fc3b4a1a3c633ca4d46
